Start time UTC,End time UTC,Hydropower (MWh/h)
2023/1/1 0:00,2023/1/1 1:00,1069
2023/1/1 1:00,2023/1/1 2:00,1091
2023/1/1 2:00,2023/1/1 3:00,1089
2023/1/1 3:00,2023/1/1 4:00,1051
2023/1/1 4:00,2023/1/1 5:00,1007
2023/1/1 5:00,2023/1/1 6:00,1018
2023/1/1 6:00,2023/1/1 7:00,971
2023/1/1 7:00,2023/1/1 8:00,965
2023/1/1 8:00,2023/1/1 9:00,965
2023/1/1 9:00,2023/1/1 10:00,976
2023/1/1 10:00,2023/1/1 11:00,1026
2023/1/1 11:00,2023/1/1 12:00,1026
2023/1/1 12:00,2023/1/1 13:00,978
2023/1/1 13:00,2023/1/1 14:00,1048
2023/1/1 14:00,2023/1/1 15:00,1081
2023/1/1 15:00,2023/1/1 16:00,1052
2023/1/1 16:00,2023/1/1 17:00,1063
2023/1/1 17:00,2023/1/1 18:00,1087
2023/1/1 18:00,2023/1/1 19:00,1104
2023/1/1 19:00,2023/1/1 20:00,1082
2023/1/1 20:00,2023/1/1 21:00,1002
2023/1/1 21:00,2023/1/1 22:00,990
2023/1/1 22:00,2023/1/1 23:00,980
2023/1/1 23:00,2023/1/2 0:00,980
2023/1/2 0:00,2023/1/2 1:00,951
2023/1/2 1:00,2023/1/2 2:00,944
2023/1/2 2:00,2023/1/2 3:00,869
2023/1/2 3:00,2023/1/2 4:00,774
2023/1/2 4:00,2023/1/2 5:00,741
2023/1/2 5:00,2023/1/2 6:00,719
2023/1/2 6:00,2023/1/2 7:00,654
2023/1/2 7:00,2023/1/2 8:00,615
2023/1/2 8:00,2023/1/2 9:00,613
2023/1/2 9:00,2023/1/2 10:00,606
2023/1/2 10:00,2023/1/2 11:00,545
2023/1/2 11:00,2023/1/2 12:00,576
2023/1/2 12:00,2023/1/2 13:00,562
2023/1/2 13:00,2023/1/2 14:00,563
2023/1/2 14:00,2023/1/2 15:00,516
2023/1/2 15:00,2023/1/2 16:00,495
2023/1/2 16:00,2023/1/2 17:00,460
2023/1/2 17:00,2023/1/2 18:00,435
2023/1/2 18:00,2023/1/2 19:00,395
2023/1/2 19:00,2023/1/2 20:00,336
2023/1/2 20:00,2023/1/2 21:00,295
2023/1/2 21:00,2023/1/2 22:00,259
2023/1/2 22:00,2023/1/2 23:00,220
2023/1/2 23:00,2023/1/3 0:00,201
2023/1/3 0:00,2023/1/3 1:00,174
2023/1/3 1:00,2023/1/3 2:00,139
2023/1/3 2:00,2023/1/3 3:00,112
2023/1/3 3:00,2023/1/3 4:00,99
2023/1/3 4:00,2023/1/3 5:00,95
2023/1/3 5:00,2023/1/3 6:00,99
2023/1/3 6:00,2023/1/3 7:00,106
2023/1/3 7:00,2023/1/3 8:00,101
2023/1/3 8:00,2023/1/3 9:00,89
2023/1/3 9:00,2023/1/3 10:00,79
2023/1/3 10:00,2023/1/3 11:00,57
2023/1/3 11:00,2023/1/3 12:00,50
2023/1/3 12:00,2023/1/3 13:00,53
2023/1/3 13:00,2023/1/3 14:00,75
2023/1/3 14:00,2023/1/3 15:00,101
2023/1/3 15:00,2023/1/3 16:00,116
2023/1/3 16:00,2023/1/3 17:00,125
2023/1/3 17:00,2023/1/3 18:00,166
2023/1/3 18:00,2023/1/3 19:00,201
2023/1/3 19:00,2023/1/3 20:00,237
2023/1/3 20:00,2023/1/3 21:00,285
2023/1/3 21:00,2023/1/3 22:00,315
2023/1/3 22:00,2023/1/3 23:00,296
2023/1/3 23:00,2023/1/4 0:00,304
2023/1/4 0:00,2023/1/4 1:00,351
2023/1/4 1:00,2023/1/4 2:00,371
2023/1/4 2:00,2023/1/4 3:00,386
2023/1/4 3:00,2023/1/4 4:00,410
2023/1/4 4:00,2023/1/4 5:00,436
2023/1/4 5:00,2023/1/4 6:00,474
2023/1/4 6:00,2023/1/4 7:00,501
2023/1/4 7:00,2023/1/4 8:00,495
2023/1/4 8:00,2023/1/4 9:00,494
2023/1/4 9:00,2023/1/4 10:00,511
2023/1/4 10:00,2023/1/4 11:00,488
2023/1/4 11:00,2023/1/4 12:00,455
2023/1/4 12:00,2023/1/4 13:00,463
2023/1/4 13:00,2023/1/4 14:00,537
2023/1/4 14:00,2023/1/4 15:00,641
2023/1/4 15:00,2023/1/4 16:00,729
2023/1/4 16:00,2023/1/4 17:00,755
2023/1/4 17:00,2023/1/4 18:00,706
2023/1/4 18:00,2023/1/4 19:00,708
2023/1/4 19:00,2023/1/4 20:00,731
2023/1/4 20:00,2023/1/4 21:00,831
2023/1/4 21:00,2023/1/4 22:00,884
2023/1/4 22:00,2023/1/4 23:00,906
2023/1/4 23:00,2023/1/5 0:00,872
2023/1/5 0:00,2023/1/5 1:00,849
2023/1/5 1:00,2023/1/5 2:00,905
2023/1/5 2:00,2023/1/5 3:00,919
2023/1/5 3:00,2023/1/5 4:00,944
2023/1/5 4:00,2023/1/5 5:00,947
2023/1/5 5:00,2023/1/5 6:00,926
2023/1/5 6:00,2023/1/5 7:00,840
2023/1/5 7:00,2023/1/5 8:00,825
2023/1/5 8:00,2023/1/5 9:00,750
2023/1/5 9:00,2023/1/5 10:00,662
2023/1/5 10:00,2023/1/5 11:00,590
2023/1/5 11:00,2023/1/5 12:00,547
2023/1/5 12:00,2023/1/5 13:00,537
2023/1/5 13:00,2023/1/5 14:00,526
2023/1/5 14:00,2023/1/5 15:00,532
2023/1/5 15:00,2023/1/5 16:00,518
2023/1/5 16:00,2023/1/5 17:00,495
2023/1/5 17:00,2023/1/5 18:00,442
2023/1/5 18:00,2023/1/5 19:00,358
2023/1/5 19:00,2023/1/5 20:00,277
2023/1/5 20:00,2023/1/5 21:00,216
2023/1/5 21:00,2023/1/5 22:00,177
2023/1/5 22:00,2023/1/5 23:00,154
2023/1/5 23:00,2023/1/6 0:00,128
2023/1/6 0:00,2023/1/6 1:00,97
2023/1/6 1:00,2023/1/6 2:00,80
2023/1/6 2:00,2023/1/6 3:00,70
2023/1/6 3:00,2023/1/6 4:00,65
2023/1/6 4:00,2023/1/6 5:00,58
2023/1/6 5:00,2023/1/6 6:00,74
2023/1/6 6:00,2023/1/6 7:00,84
2023/1/6 7:00,2023/1/6 8:00,101
2023/1/6 8:00,2023/1/6 9:00,124
2023/1/6 9:00,2023/1/6 10:00,150
2023/1/6 10:00,2023/1/6 11:00,163
2023/1/6 11:00,2023/1/6 12:00,169
2023/1/6 12:00,2023/1/6 13:00,188
2023/1/6 13:00,2023/1/6 14:00,215
2023/1/6 14:00,2023/1/6 15:00,270
2023/1/6 15:00,2023/1/6 16:00,335
2023/1/6 16:00,2023/1/6 17:00,413
2023/1/6 17:00,2023/1/6 18:00,484
2023/1/6 18:00,2023/1/6 19:00,566
2023/1/6 19:00,2023/1/6 20:00,594
2023/1/6 20:00,2023/1/6 21:00,579
2023/1/6 21:00,2023/1/6 22:00,560
2023/1/6 22:00,2023/1/6 23:00,597
2023/1/6 23:00,2023/1/7 0:00,625
2023/1/7 0:00,2023/1/7 1:00,679
2023/1/7 1:00,2023/1/7 2:00,746
2023/1/7 2:00,2023/1/7 3:00,824
2023/1/7 3:00,2023/1/7 4:00,869
2023/1/7 4:00,2023/1/7 5:00,900
2023/1/7 5:00,2023/1/7 6:00,900
2023/1/7 6:00,2023/1/7 7:00,862
2023/1/7 7:00,2023/1/7 8:00,879
2023/1/7 8:00,2023/1/7 9:00,936
2023/1/7 9:00,2023/1/7 10:00,1032
2023/1/7 10:00,2023/1/7 11:00,1065
2023/1/7 11:00,2023/1/7 12:00,1028
2023/1/7 12:00,2023/1/7 13:00,1025
2023/1/7 13:00,2023/1/7 14:00,1050
2023/1/7 14:00,2023/1/7 15:00,1083
2023/1/7 15:00,2023/1/7 16:00,1107
2023/1/7 16:00,2023/1/7 17:00,1089
2023/1/7 17:00,2023/1/7 18:00,1102
2023/1/7 18:00,2023/1/7 19:00,1124
2023/1/7 19:00,2023/1/7 20:00,1115
2023/1/7 20:00,2023/1/7 21:00,1089
2023/1/7 21:00,2023/1/7 22:00,1098
2023/1/7 22:00,2023/1/7 23:00,1108
2023/1/7 23:00,2023/1/8 0:00,1087
2023/1/8 0:00,2023/1/8 1:00,1080
2023/1/8 1:00,2023/1/8 2:00,1085
2023/1/8 2:00,2023/1/8 3:00,1059
2023/1/8 3:00,2023/1/8 4:00,1065
2023/1/8 4:00,2023/1/8 5:00,1109
2023/1/8 5:00,2023/1/8 6:00,1158
2023/1/8 6:00,2023/1/8 7:00,1195
2023/1/8 7:00,2023/1/8 8:00,1224
2023/1/8 8:00,2023/1/8 9:00,1260
2023/1/8 9:00,2023/1/8 10:00,1289
2023/1/8 10:00,2023/1/8 11:00,1305
2023/1/8 11:00,2023/1/8 12:00,1311
2023/1/8 12:00,2023/1/8 13:00,1315
2023/1/8 13:00,2023/1/8 14:00,1318
2023/1/8 14:00,2023/1/8 15:00,1320
2023/1/8 15:00,2023/1/8 16:00,1309
2023/1/8 16:00,2023/1/8 17:00,1304
2023/1/8 17:00,2023/1/8 18:00,1281
2023/1/8 18:00,2023/1/8 19:00,1267
2023/1/8 19:00,2023/1/8 20:00,1266
2023/1/8 20:00,2023/1/8 21:00,1234
2023/1/8 21:00,2023/1/8 22:00,1220
2023/1/8 22:00,2023/1/8 23:00,1221
2023/1/8 23:00,2023/1/9 0:00,1224
2023/1/9 0:00,2023/1/9 1:00,1198
2023/1/9 1:00,2023/1/9 2:00,1192
2023/1/9 2:00,2023/1/9 3:00,1174
2023/1/9 3:00,2023/1/9 4:00,1176
2023/1/9 4:00,2023/1/9 5:00,1206
2023/1/9 5:00,2023/1/9 6:00,1239
2023/1/9 6:00,2023/1/9 7:00,1241
2023/1/9 7:00,2023/1/9 8:00,1218
2023/1/9 8:00,2023/1/9 9:00,1200
2023/1/9 9:00,2023/1/9 10:00,1173
2023/1/9 10:00,2023/1/9 11:00,1140
2023/1/9 11:00,2023/1/9 12:00,1092
2023/1/9 12:00,2023/1/9 13:00,1047
2023/1/9 13:00,2023/1/9 14:00,1009
2023/1/9 14:00,2023/1/9 15:00,1027
2023/1/9 15:00,2023/1/9 16:00,1029
2023/1/9 16:00,2023/1/9 17:00,1009
2023/1/9 17:00,2023/1/9 18:00,968
2023/1/9 18:00,2023/1/9 19:00,935
2023/1/9 19:00,2023/1/9 20:00,880
2023/1/9 20:00,2023/1/9 21:00,797
2023/1/9 21:00,2023/1/9 22:00,724
2023/1/9 22:00,2023/1/9 23:00,715
2023/1/9 23:00,2023/1/10 0:00,701
2023/1/10 0:00,2023/1/10 1:00,656
2023/1/10 1:00,2023/1/10 2:00,646
2023/1/10 2:00,2023/1/10 3:00,592
2023/1/10 3:00,2023/1/10 4:00,573
2023/1/10 4:00,2023/1/10 5:00,539
2023/1/10 5:00,2023/1/10 6:00,525
2023/1/10 6:00,2023/1/10 7:00,495
2023/1/10 7:00,2023/1/10 8:00,485
2023/1/10 8:00,2023/1/10 9:00,499
2023/1/10 9:00,2023/1/10 10:00,525
2023/1/10 10:00,2023/1/10 11:00,527
2023/1/10 11:00,2023/1/10 12:00,510
2023/1/10 12:00,2023/1/10 13:00,521
2023/1/10 13:00,2023/1/10 14:00,524
2023/1/10 14:00,2023/1/10 15:00,551
2023/1/10 15:00,2023/1/10 16:00,545
2023/1/10 16:00,2023/1/10 17:00,547
2023/1/10 17:00,2023/1/10 18:00,524
2023/1/10 18:00,2023/1/10 19:00,501
2023/1/10 19:00,2023/1/10 20:00,493
2023/1/10 20:00,2023/1/10 21:00,508
2023/1/10 21:00,2023/1/10 22:00,524
2023/1/10 22:00,2023/1/10 23:00,531
2023/1/10 23:00,2023/1/11 0:00,460
2023/1/11 0:00,2023/1/11 1:00,451
2023/1/11 1:00,2023/1/11 2:00,488
2023/1/11 2:00,2023/1/11 3:00,469
2023/1/11 3:00,2023/1/11 4:00,554
2023/1/11 4:00,2023/1/11 5:00,601
2023/1/11 5:00,2023/1/11 6:00,665
2023/1/11 6:00,2023/1/11 7:00,759
2023/1/11 7:00,2023/1/11 8:00,832
2023/1/11 8:00,2023/1/11 9:00,918
2023/1/11 9:00,2023/1/11 10:00,991
2023/1/11 10:00,2023/1/11 11:00,1047
2023/1/11 11:00,2023/1/11 12:00,1096
2023/1/11 12:00,2023/1/11 13:00,1150
2023/1/11 13:00,2023/1/11 14:00,1209
2023/1/11 14:00,2023/1/11 15:00,1255
2023/1/11 15:00,2023/1/11 16:00,1297
2023/1/11 16:00,2023/1/11 17:00,1317
2023/1/11 17:00,2023/1/11 18:00,1329
2023/1/11 18:00,2023/1/11 19:00,1330
2023/1/11 19:00,2023/1/11 20:00,1329
2023/1/11 20:00,2023/1/11 21:00,1300
2023/1/11 21:00,2023/1/11 22:00,1293
2023/1/11 22:00,2023/1/11 23:00,1288
2023/1/11 23:00,2023/1/12 0:00,1281
2023/1/12 0:00,2023/1/12 1:00,1239
2023/1/12 1:00,2023/1/12 2:00,1191
2023/1/12 2:00,2023/1/12 3:00,1181
2023/1/12 3:00,2023/1/12 4:00,1180
2023/1/12 4:00,2023/1/12 5:00,1232
2023/1/12 5:00,2023/1/12 6:00,1251
2023/1/12 6:00,2023/1/12 7:00,1253
2023/1/12 7:00,2023/1/12 8:00,1231
2023/1/12 8:00,2023/1/12 9:00,1214
2023/1/12 9:00,2023/1/12 10:00,1195
2023/1/12 10:00,2023/1/12 11:00,1186
2023/1/12 11:00,2023/1/12 12:00,1182
2023/1/12 12:00,2023/1/12 13:00,1192
2023/1/12 13:00,2023/1/12 14:00,1209
2023/1/12 14:00,2023/1/12 15:00,1226
2023/1/12 15:00,2023/1/12 16:00,1246
2023/1/12 16:00,2023/1/12 17:00,1203
2023/1/12 17:00,2023/1/12 18:00,1171
2023/1/12 18:00,2023/1/12 19:00,1116
2023/1/12 19:00,2023/1/12 20:00,1077
2023/1/12 20:00,2023/1/12 21:00,1026
2023/1/12 21:00,2023/1/12 22:00,1011
2023/1/12 22:00,2023/1/12 23:00,1008
2023/1/12 23:00,2023/1/13 0:00,995
2023/1/13 0:00,2023/1/13 1:00,965
2023/1/13 1:00,2023/1/13 2:00,909
2023/1/13 2:00,2023/1/13 3:00,875
2023/1/13 3:00,2023/1/13 4:00,873
2023/1/13 4:00,2023/1/13 5:00,901
2023/1/13 5:00,2023/1/13 6:00,906
2023/1/13 6:00,2023/1/13 7:00,905
2023/1/13 7:00,2023/1/13 8:00,889
2023/1/13 8:00,2023/1/13 9:00,892
2023/1/13 9:00,2023/1/13 10:00,826
2023/1/13 10:00,2023/1/13 11:00,798
2023/1/13 11:00,2023/1/13 12:00,778
2023/1/13 12:00,2023/1/13 13:00,734
2023/1/13 13:00,2023/1/13 14:00,721
2023/1/13 14:00,2023/1/13 15:00,733
2023/1/13 15:00,2023/1/13 16:00,699
2023/1/13 16:00,2023/1/13 17:00,671
2023/1/13 17:00,2023/1/13 18:00,653
2023/1/13 18:00,2023/1/13 19:00,666
2023/1/13 19:00,2023/1/13 20:00,647
2023/1/13 20:00,2023/1/13 21:00,620
2023/1/13 21:00,2023/1/13 22:00,652
2023/1/13 22:00,2023/1/13 23:00,670
2023/1/13 23:00,2023/1/14 0:00,702
2023/1/14 0:00,2023/1/14 1:00,720
2023/1/14 1:00,2023/1/14 2:00,708
2023/1/14 2:00,2023/1/14 3:00,642
2023/1/14 3:00,2023/1/14 4:00,586
2023/1/14 4:00,2023/1/14 5:00,496
2023/1/14 5:00,2023/1/14 6:00,414
2023/1/14 6:00,2023/1/14 7:00,339
2023/1/14 7:00,2023/1/14 8:00,272
2023/1/14 8:00,2023/1/14 9:00,231
2023/1/14 9:00,2023/1/14 10:00,198
2023/1/14 10:00,2023/1/14 11:00,171
2023/1/14 11:00,2023/1/14 12:00,161
2023/1/14 12:00,2023/1/14 13:00,142
2023/1/14 13:00,2023/1/14 14:00,123
2023/1/14 14:00,2023/1/14 15:00,114
2023/1/14 15:00,2023/1/14 16:00,109
2023/1/14 16:00,2023/1/14 17:00,107
2023/1/14 17:00,2023/1/14 18:00,109
2023/1/14 18:00,2023/1/14 19:00,111
2023/1/14 19:00,2023/1/14 20:00,114
2023/1/14 20:00,2023/1/14 21:00,126
2023/1/14 21:00,2023/1/14 22:00,147
2023/1/14 22:00,2023/1/14 23:00,153
2023/1/14 23:00,2023/1/15 0:00,153
2023/1/15 0:00,2023/1/15 1:00,186
2023/1/15 1:00,2023/1/15 2:00,210
2023/1/15 2:00,2023/1/15 3:00,253
2023/1/15 3:00,2023/1/15 4:00,355
2023/1/15 4:00,2023/1/15 5:00,437
2023/1/15 5:00,2023/1/15 6:00,568
2023/1/15 6:00,2023/1/15 7:00,694
2023/1/15 7:00,2023/1/15 8:00,821
2023/1/15 8:00,2023/1/15 9:00,924
2023/1/15 9:00,2023/1/15 10:00,999
2023/1/15 10:00,2023/1/15 11:00,1080
2023/1/15 11:00,2023/1/15 12:00,1154
2023/1/15 12:00,2023/1/15 13:00,1194
2023/1/15 13:00,2023/1/15 14:00,1228
2023/1/15 14:00,2023/1/15 15:00,1250
2023/1/15 15:00,2023/1/15 16:00,1279
2023/1/15 16:00,2023/1/15 17:00,1278
2023/1/15 17:00,2023/1/15 18:00,1277
2023/1/15 18:00,2023/1/15 19:00,1290
2023/1/15 19:00,2023/1/15 20:00,1291
2023/1/15 20:00,2023/1/15 21:00,1286
2023/1/15 21:00,2023/1/15 22:00,1283
2023/1/15 22:00,2023/1/15 23:00,1285
2023/1/15 23:00,2023/1/16 0:00,1284
2023/1/16 0:00,2023/1/16 1:00,1270
2023/1/16 1:00,2023/1/16 2:00,1236
2023/1/16 2:00,2023/1/16 3:00,1201
2023/1/16 3:00,2023/1/16 4:00,1208
2023/1/16 4:00,2023/1/16 5:00,1208
2023/1/16 5:00,2023/1/16 6:00,1189
2023/1/16 6:00,2023/1/16 7:00,1145
2023/1/16 7:00,2023/1/16 8:00,1098
2023/1/16 8:00,2023/1/16 9:00,1038
2023/1/16 9:00,2023/1/16 10:00,1026
2023/1/16 10:00,2023/1/16 11:00,1043
2023/1/16 11:00,2023/1/16 12:00,1025
2023/1/16 12:00,2023/1/16 13:00,991
2023/1/16 13:00,2023/1/16 14:00,1035
2023/1/16 14:00,2023/1/16 15:00,1086
2023/1/16 15:00,2023/1/16 16:00,1068
2023/1/16 16:00,2023/1/16 17:00,1032
2023/1/16 17:00,2023/1/16 18:00,979
2023/1/16 18:00,2023/1/16 19:00,991
2023/1/16 19:00,2023/1/16 20:00,1047
2023/1/16 20:00,2023/1/16 21:00,1082
2023/1/16 21:00,2023/1/16 22:00,1086
2023/1/16 22:00,2023/1/16 23:00,1045
2023/1/16 23:00,2023/1/17 0:00,996
2023/1/17 0:00,2023/1/17 1:00,986
2023/1/17 1:00,2023/1/17 2:00,961
2023/1/17 2:00,2023/1/17 3:00,920
2023/1/17 3:00,2023/1/17 4:00,832
2023/1/17 4:00,2023/1/17 5:00,769
2023/1/17 5:00,2023/1/17 6:00,684
2023/1/17 6:00,2023/1/17 7:00,658
2023/1/17 7:00,2023/1/17 8:00,660
2023/1/17 8:00,2023/1/17 9:00,615
2023/1/17 9:00,2023/1/17 10:00,586
2023/1/17 10:00,2023/1/17 11:00,612
2023/1/17 11:00,2023/1/17 12:00,647
2023/1/17 12:00,2023/1/17 13:00,652
2023/1/17 13:00,2023/1/17 14:00,653
2023/1/17 14:00,2023/1/17 15:00,769
2023/1/17 15:00,2023/1/17 16:00,909
2023/1/17 16:00,2023/1/17 17:00,1024
2023/1/17 17:00,2023/1/17 18:00,1036
2023/1/17 18:00,2023/1/17 19:00,1059
2023/1/17 19:00,2023/1/17 20:00,1087
2023/1/17 20:00,2023/1/17 21:00,1104
2023/1/17 21:00,2023/1/17 22:00,1118
2023/1/17 22:00,2023/1/17 23:00,1115
2023/1/17 23:00,2023/1/18 0:00,1092
2023/1/18 0:00,2023/1/18 1:00,1094
2023/1/18 1:00,2023/1/18 2:00,1090
2023/1/18 2:00,2023/1/18 3:00,1101
2023/1/18 3:00,2023/1/18 4:00,1095
2023/1/18 4:00,2023/1/18 5:00,1058
2023/1/18 5:00,2023/1/18 6:00,1020
2023/1/18 6:00,2023/1/18 7:00,991
2023/1/18 7:00,2023/1/18 8:00,946
2023/1/18 8:00,2023/1/18 9:00,921
2023/1/18 9:00,2023/1/18 10:00,934
2023/1/18 10:00,2023/1/18 11:00,927
2023/1/18 11:00,2023/1/18 12:00,924
2023/1/18 12:00,2023/1/18 13:00,949
2023/1/18 13:00,2023/1/18 14:00,993
2023/1/18 14:00,2023/1/18 15:00,1024
2023/1/18 15:00,2023/1/18 16:00,1065
2023/1/18 16:00,2023/1/18 17:00,1057
2023/1/18 17:00,2023/1/18 18:00,992
2023/1/18 18:00,2023/1/18 19:00,1004
2023/1/18 19:00,2023/1/18 20:00,1027
2023/1/18 20:00,2023/1/18 21:00,965
2023/1/18 21:00,2023/1/18 22:00,833
2023/1/18 22:00,2023/1/18 23:00,723
2023/1/18 23:00,2023/1/19 0:00,675
2023/1/19 0:00,2023/1/19 1:00,628
2023/1/19 1:00,2023/1/19 2:00,488
2023/1/19 2:00,2023/1/19 3:00,339
2023/1/19 3:00,2023/1/19 4:00,246
2023/1/19 4:00,2023/1/19 5:00,197
2023/1/19 5:00,2023/1/19 6:00,187
2023/1/19 6:00,2023/1/19 7:00,161
2023/1/19 7:00,2023/1/19 8:00,148
2023/1/19 8:00,2023/1/19 9:00,150
2023/1/19 9:00,2023/1/19 10:00,148
2023/1/19 10:00,2023/1/19 11:00,175
2023/1/19 11:00,2023/1/19 12:00,250
2023/1/19 12:00,2023/1/19 13:00,283
2023/1/19 13:00,2023/1/19 14:00,320
2023/1/19 14:00,2023/1/19 15:00,312
2023/1/19 15:00,2023/1/19 16:00,305
2023/1/19 16:00,2023/1/19 17:00,326
2023/1/19 17:00,2023/1/19 18:00,330
2023/1/19 18:00,2023/1/19 19:00,335
2023/1/19 19:00,2023/1/19 20:00,340
2023/1/19 20:00,2023/1/19 21:00,402
2023/1/19 21:00,2023/1/19 22:00,511
2023/1/19 22:00,2023/1/19 23:00,589
2023/1/19 23:00,2023/1/20 0:00,614
2023/1/20 0:00,2023/1/20 1:00,600
2023/1/20 1:00,2023/1/20 2:00,613
2023/1/20 2:00,2023/1/20 3:00,617
2023/1/20 3:00,2023/1/20 4:00,634
2023/1/20 4:00,2023/1/20 5:00,627
2023/1/20 5:00,2023/1/20 6:00,638
2023/1/20 6:00,2023/1/20 7:00,681
2023/1/20 7:00,2023/1/20 8:00,657
2023/1/20 8:00,2023/1/20 9:00,620
2023/1/20 9:00,2023/1/20 10:00,638
2023/1/20 10:00,2023/1/20 11:00,658
2023/1/20 11:00,2023/1/20 12:00,673
2023/1/20 12:00,2023/1/20 13:00,640
2023/1/20 13:00,2023/1/20 14:00,675
2023/1/20 14:00,2023/1/20 15:00,714
2023/1/20 15:00,2023/1/20 16:00,725
2023/1/20 16:00,2023/1/20 17:00,709
2023/1/20 17:00,2023/1/20 18:00,700
2023/1/20 18:00,2023/1/20 19:00,724
2023/1/20 19:00,2023/1/20 20:00,766
2023/1/20 20:00,2023/1/20 21:00,780
2023/1/20 21:00,2023/1/20 22:00,840
2023/1/20 22:00,2023/1/20 23:00,824
2023/1/20 23:00,2023/1/21 0:00,780
2023/1/21 0:00,2023/1/21 1:00,710
2023/1/21 1:00,2023/1/21 2:00,648
2023/1/21 2:00,2023/1/21 3:00,564
2023/1/21 3:00,2023/1/21 4:00,558
2023/1/21 4:00,2023/1/21 5:00,493
2023/1/21 5:00,2023/1/21 6:00,436
2023/1/21 6:00,2023/1/21 7:00,381
2023/1/21 7:00,2023/1/21 8:00,387
2023/1/21 8:00,2023/1/21 9:00,387
2023/1/21 9:00,2023/1/21 10:00,362
2023/1/21 10:00,2023/1/21 11:00,278
2023/1/21 11:00,2023/1/21 12:00,225
2023/1/21 12:00,2023/1/21 13:00,217
2023/1/21 13:00,2023/1/21 14:00,214
2023/1/21 14:00,2023/1/21 15:00,192
2023/1/21 15:00,2023/1/21 16:00,166
2023/1/21 16:00,2023/1/21 17:00,180
2023/1/21 17:00,2023/1/21 18:00,178
2023/1/21 18:00,2023/1/21 19:00,177
2023/1/21 19:00,2023/1/21 20:00,187
2023/1/21 20:00,2023/1/21 21:00,191
2023/1/21 21:00,2023/1/21 22:00,211
2023/1/21 22:00,2023/1/21 23:00,213
2023/1/21 23:00,2023/1/22 0:00,238
2023/1/22 0:00,2023/1/22 1:00,246
2023/1/22 1:00,2023/1/22 2:00,253
2023/1/22 2:00,2023/1/22 3:00,250
2023/1/22 3:00,2023/1/22 4:00,264
2023/1/22 4:00,2023/1/22 5:00,280
2023/1/22 5:00,2023/1/22 6:00,294
2023/1/22 6:00,2023/1/22 7:00,295
2023/1/22 7:00,2023/1/22 8:00,334
2023/1/22 8:00,2023/1/22 9:00,358
2023/1/22 9:00,2023/1/22 10:00,359
2023/1/22 10:00,2023/1/22 11:00,350
2023/1/22 11:00,2023/1/22 12:00,375
2023/1/22 12:00,2023/1/22 13:00,400
2023/1/22 13:00,2023/1/22 14:00,417
2023/1/22 14:00,2023/1/22 15:00,457
2023/1/22 15:00,2023/1/22 16:00,501
2023/1/22 16:00,2023/1/22 17:00,559
2023/1/22 17:00,2023/1/22 18:00,591
2023/1/22 18:00,2023/1/22 19:00,633
2023/1/22 19:00,2023/1/22 20:00,677
2023/1/22 20:00,2023/1/22 21:00,730
2023/1/22 21:00,2023/1/22 22:00,824
2023/1/22 22:00,2023/1/22 23:00,947
2023/1/22 23:00,2023/1/23 0:00,1059
2023/1/23 0:00,2023/1/23 1:00,1092
2023/1/23 1:00,2023/1/23 2:00,1140
2023/1/23 2:00,2023/1/23 3:00,1170
2023/1/23 3:00,2023/1/23 4:00,1167
2023/1/23 4:00,2023/1/23 5:00,1171
2023/1/23 5:00,2023/1/23 6:00,1196
2023/1/23 6:00,2023/1/23 7:00,1195
2023/1/23 7:00,2023/1/23 8:00,1170
2023/1/23 8:00,2023/1/23 9:00,1150
2023/1/23 9:00,2023/1/23 10:00,1148
2023/1/23 10:00,2023/1/23 11:00,1135
2023/1/23 11:00,2023/1/23 12:00,1097
2023/1/23 12:00,2023/1/23 13:00,1034
2023/1/23 13:00,2023/1/23 14:00,1029
2023/1/23 14:00,2023/1/23 15:00,1013
2023/1/23 15:00,2023/1/23 16:00,1016
2023/1/23 16:00,2023/1/23 17:00,1009
2023/1/23 17:00,2023/1/23 18:00,1008
2023/1/23 18:00,2023/1/23 19:00,1012
2023/1/23 19:00,2023/1/23 20:00,1032
2023/1/23 20:00,2023/1/23 21:00,1057
2023/1/23 21:00,2023/1/23 22:00,1032
2023/1/23 22:00,2023/1/23 23:00,1035
2023/1/23 23:00,2023/1/24 0:00,1013
2023/1/24 0:00,2023/1/24 1:00,993
2023/1/24 1:00,2023/1/24 2:00,972
2023/1/24 2:00,2023/1/24 3:00,905
2023/1/24 3:00,2023/1/24 4:00,899
2023/1/24 4:00,2023/1/24 5:00,830
2023/1/24 5:00,2023/1/24 6:00,762
2023/1/24 6:00,2023/1/24 7:00,622
2023/1/24 7:00,2023/1/24 8:00,497
2023/1/24 8:00,2023/1/24 9:00,476
2023/1/24 9:00,2023/1/24 10:00,394
2023/1/24 10:00,2023/1/24 11:00,311
2023/1/24 11:00,2023/1/24 12:00,265
2023/1/24 12:00,2023/1/24 13:00,244
2023/1/24 13:00,2023/1/24 14:00,242
2023/1/24 14:00,2023/1/24 15:00,277
2023/1/24 15:00,2023/1/24 16:00,339
2023/1/24 16:00,2023/1/24 17:00,407
2023/1/24 17:00,2023/1/24 18:00,526
2023/1/24 18:00,2023/1/24 19:00,655
2023/1/24 19:00,2023/1/24 20:00,806
2023/1/24 20:00,2023/1/24 21:00,940
2023/1/24 21:00,2023/1/24 22:00,1082
2023/1/24 22:00,2023/1/24 23:00,1177
2023/1/24 23:00,2023/1/25 0:00,1230
2023/1/25 0:00,2023/1/25 1:00,1263
2023/1/25 1:00,2023/1/25 2:00,1202
2023/1/25 2:00,2023/1/25 3:00,1229
2023/1/25 3:00,2023/1/25 4:00,1302
2023/1/25 4:00,2023/1/25 5:00,1301
2023/1/25 5:00,2023/1/25 6:00,1299
2023/1/25 6:00,2023/1/25 7:00,1278
2023/1/25 7:00,2023/1/25 8:00,1243
2023/1/25 8:00,2023/1/25 9:00,1226
2023/1/25 9:00,2023/1/25 10:00,1224
2023/1/25 10:00,2023/1/25 11:00,1199
2023/1/25 11:00,2023/1/25 12:00,1173
2023/1/25 12:00,2023/1/25 13:00,1156
2023/1/25 13:00,2023/1/25 14:00,1167
2023/1/25 14:00,2023/1/25 15:00,1170
2023/1/25 15:00,2023/1/25 16:00,1164
2023/1/25 16:00,2023/1/25 17:00,1186
2023/1/25 17:00,2023/1/25 18:00,1131
2023/1/25 18:00,2023/1/25 19:00,1095
2023/1/25 19:00,2023/1/25 20:00,1068
2023/1/25 20:00,2023/1/25 21:00,1019
2023/1/25 21:00,2023/1/25 22:00,884
2023/1/25 22:00,2023/1/25 23:00,701
2023/1/25 23:00,2023/1/26 0:00,608
2023/1/26 0:00,2023/1/26 1:00,559
2023/1/26 1:00,2023/1/26 2:00,468
2023/1/26 2:00,2023/1/26 3:00,445
2023/1/26 3:00,2023/1/26 4:00,410
2023/1/26 4:00,2023/1/26 5:00,368
2023/1/26 5:00,2023/1/26 6:00,353
2023/1/26 6:00,2023/1/26 7:00,404
2023/1/26 7:00,2023/1/26 8:00,429
2023/1/26 8:00,2023/1/26 9:00,382
2023/1/26 9:00,2023/1/26 10:00,383
2023/1/26 10:00,2023/1/26 11:00,452
2023/1/26 11:00,2023/1/26 12:00,428
2023/1/26 12:00,2023/1/26 13:00,429
2023/1/26 13:00,2023/1/26 14:00,484
2023/1/26 14:00,2023/1/26 15:00,543
2023/1/26 15:00,2023/1/26 16:00,604
2023/1/26 16:00,2023/1/26 17:00,653
2023/1/26 17:00,2023/1/26 18:00,721
2023/1/26 18:00,2023/1/26 19:00,739
2023/1/26 19:00,2023/1/26 20:00,733
2023/1/26 20:00,2023/1/26 21:00,659
2023/1/26 21:00,2023/1/26 22:00,575
2023/1/26 22:00,2023/1/26 23:00,558
2023/1/26 23:00,2023/1/27 0:00,466
2023/1/27 0:00,2023/1/27 1:00,373
2023/1/27 1:00,2023/1/27 2:00,274
2023/1/27 2:00,2023/1/27 3:00,251
2023/1/27 3:00,2023/1/27 4:00,303
2023/1/27 4:00,2023/1/27 5:00,362
2023/1/27 5:00,2023/1/27 6:00,384
2023/1/27 6:00,2023/1/27 7:00,560
2023/1/27 7:00,2023/1/27 8:00,690
2023/1/27 8:00,2023/1/27 9:00,762
2023/1/27 9:00,2023/1/27 10:00,785
2023/1/27 10:00,2023/1/27 11:00,789
2023/1/27 11:00,2023/1/27 12:00,748
2023/1/27 12:00,2023/1/27 13:00,780
2023/1/27 13:00,2023/1/27 14:00,881
2023/1/27 14:00,2023/1/27 15:00,956
2023/1/27 15:00,2023/1/27 16:00,1032
2023/1/27 16:00,2023/1/27 17:00,1096
2023/1/27 17:00,2023/1/27 18:00,1166
2023/1/27 18:00,2023/1/27 19:00,1224
2023/1/27 19:00,2023/1/27 20:00,1261
2023/1/27 20:00,2023/1/27 21:00,1278
2023/1/27 21:00,2023/1/27 22:00,1285
2023/1/27 22:00,2023/1/27 23:00,1303
2023/1/27 23:00,2023/1/28 0:00,1312
2023/1/28 0:00,2023/1/28 1:00,1324
2023/1/28 1:00,2023/1/28 2:00,1320
2023/1/28 2:00,2023/1/28 3:00,1307
2023/1/28 3:00,2023/1/28 4:00,1301
2023/1/28 4:00,2023/1/28 5:00,1302
2023/1/28 5:00,2023/1/28 6:00,1298
2023/1/28 6:00,2023/1/28 7:00,1284
2023/1/28 7:00,2023/1/28 8:00,1256
2023/1/28 8:00,2023/1/28 9:00,1207
2023/1/28 9:00,2023/1/28 10:00,1170
2023/1/28 10:00,2023/1/28 11:00,1129
2023/1/28 11:00,2023/1/28 12:00,1104
2023/1/28 12:00,2023/1/28 13:00,1107
2023/1/28 13:00,2023/1/28 14:00,1146
2023/1/28 14:00,2023/1/28 15:00,1166
2023/1/28 15:00,2023/1/28 16:00,1185
2023/1/28 16:00,2023/1/28 17:00,1201
2023/1/28 17:00,2023/1/28 18:00,1207
2023/1/28 18:00,2023/1/28 19:00,1263
2023/1/28 19:00,2023/1/28 20:00,1257
2023/1/28 20:00,2023/1/28 21:00,1254
2023/1/28 21:00,2023/1/28 22:00,1279
2023/1/28 22:00,2023/1/28 23:00,1281
2023/1/28 23:00,2023/1/29 0:00,1273
2023/1/29 0:00,2023/1/29 1:00,1232
2023/1/29 1:00,2023/1/29 2:00,1169
2023/1/29 2:00,2023/1/29 3:00,1174
2023/1/29 3:00,2023/1/29 4:00,1168
2023/1/29 4:00,2023/1/29 5:00,1164
2023/1/29 5:00,2023/1/29 6:00,1139
2023/1/29 6:00,2023/1/29 7:00,1053
2023/1/29 7:00,2023/1/29 8:00,912
2023/1/29 8:00,2023/1/29 9:00,854
2023/1/29 9:00,2023/1/29 10:00,851
2023/1/29 10:00,2023/1/29 11:00,764
2023/1/29 11:00,2023/1/29 12:00,708
2023/1/29 12:00,2023/1/29 13:00,699
2023/1/29 13:00,2023/1/29 14:00,845
2023/1/29 14:00,2023/1/29 15:00,937
2023/1/29 15:00,2023/1/29 16:00,1032
2023/1/29 16:00,2023/1/29 17:00,1077
2023/1/29 17:00,2023/1/29 18:00,1085
2023/1/29 18:00,2023/1/29 19:00,1042
2023/1/29 19:00,2023/1/29 20:00,1008
2023/1/29 20:00,2023/1/29 21:00,1002
2023/1/29 21:00,2023/1/29 22:00,1069
2023/1/29 22:00,2023/1/29 23:00,1123
2023/1/29 23:00,2023/1/30 0:00,1132
2023/1/30 0:00,2023/1/30 1:00,1075
2023/1/30 1:00,2023/1/30 2:00,960
2023/1/30 2:00,2023/1/30 3:00,774
2023/1/30 3:00,2023/1/30 4:00,609
2023/1/30 4:00,2023/1/30 5:00,461
2023/1/30 5:00,2023/1/30 6:00,357
2023/1/30 6:00,2023/1/30 7:00,276
2023/1/30 7:00,2023/1/30 8:00,205
2023/1/30 8:00,2023/1/30 9:00,172
2023/1/30 9:00,2023/1/30 10:00,180
2023/1/30 10:00,2023/1/30 11:00,196
2023/1/30 11:00,2023/1/30 12:00,287
2023/1/30 12:00,2023/1/30 13:00,375
2023/1/30 13:00,2023/1/30 14:00,504
2023/1/30 14:00,2023/1/30 15:00,559
2023/1/30 15:00,2023/1/30 16:00,625
2023/1/30 16:00,2023/1/30 17:00,682
2023/1/30 17:00,2023/1/30 18:00,726
2023/1/30 18:00,2023/1/30 19:00,758
2023/1/30 19:00,2023/1/30 20:00,780
2023/1/30 20:00,2023/1/30 21:00,818
2023/1/30 21:00,2023/1/30 22:00,810
2023/1/30 22:00,2023/1/30 23:00,787
2023/1/30 23:00,2023/1/31 0:00,776
2023/1/31 0:00,2023/1/31 1:00,775
2023/1/31 1:00,2023/1/31 2:00,759
2023/1/31 2:00,2023/1/31 3:00,705
2023/1/31 3:00,2023/1/31 4:00,684
2023/1/31 4:00,2023/1/31 5:00,623
2023/1/31 5:00,2023/1/31 6:00,565
2023/1/31 6:00,2023/1/31 7:00,517
2023/1/31 7:00,2023/1/31 8:00,463
2023/1/31 8:00,2023/1/31 9:00,373
2023/1/31 9:00,2023/1/31 10:00,310
2023/1/31 10:00,2023/1/31 11:00,244
2023/1/31 11:00,2023/1/31 12:00,209
2023/1/31 12:00,2023/1/31 13:00,190
2023/1/31 13:00,2023/1/31 14:00,168
2023/1/31 14:00,2023/1/31 15:00,161
2023/1/31 15:00,2023/1/31 16:00,158
2023/1/31 16:00,2023/1/31 17:00,164
2023/1/31 17:00,2023/1/31 18:00,209
2023/1/31 18:00,2023/1/31 19:00,220
2023/1/31 19:00,2023/1/31 20:00,224
2023/1/31 20:00,2023/1/31 21:00,213
2023/1/31 21:00,2023/1/31 22:00,232
2023/1/31 22:00,2023/1/31 23:00,231
2023/1/31 23:00,2023/2/1 0:00,204
2023/2/1 0:00,2023/2/1 1:00,182
2023/2/1 1:00,2023/2/1 2:00,140
2023/2/1 2:00,2023/2/1 3:00,91
2023/2/1 3:00,2023/2/1 4:00,85
2023/2/1 4:00,2023/2/1 5:00,96
2023/2/1 5:00,2023/2/1 6:00,99
2023/2/1 6:00,2023/2/1 7:00,98
2023/2/1 7:00,2023/2/1 8:00,86
2023/2/1 8:00,2023/2/1 9:00,71
2023/2/1 9:00,2023/2/1 10:00,56
2023/2/1 10:00,2023/2/1 11:00,39
2023/2/1 11:00,2023/2/1 12:00,31
2023/2/1 12:00,2023/2/1 13:00,29
2023/2/1 13:00,2023/2/1 14:00,30
2023/2/1 14:00,2023/2/1 15:00,33
2023/2/1 15:00,2023/2/1 16:00,35
2023/2/1 16:00,2023/2/1 17:00,32
2023/2/1 17:00,2023/2/1 18:00,30
2023/2/1 18:00,2023/2/1 19:00,33
2023/2/1 19:00,2023/2/1 20:00,38
2023/2/1 20:00,2023/2/1 21:00,40
2023/2/1 21:00,2023/2/1 22:00,51
2023/2/1 22:00,2023/2/1 23:00,74
2023/2/1 23:00,2023/2/2 0:00,105
2023/2/2 0:00,2023/2/2 1:00,117
2023/2/2 1:00,2023/2/2 2:00,133
2023/2/2 2:00,2023/2/2 3:00,158
2023/2/2 3:00,2023/2/2 4:00,189
2023/2/2 4:00,2023/2/2 5:00,194
2023/2/2 5:00,2023/2/2 6:00,195
2023/2/2 6:00,2023/2/2 7:00,192
2023/2/2 7:00,2023/2/2 8:00,184
2023/2/2 8:00,2023/2/2 9:00,174
2023/2/2 9:00,2023/2/2 10:00,146
2023/2/2 10:00,2023/2/2 11:00,133
2023/2/2 11:00,2023/2/2 12:00,138
2023/2/2 12:00,2023/2/2 13:00,161
2023/2/2 13:00,2023/2/2 14:00,190
2023/2/2 14:00,2023/2/2 15:00,210
2023/2/2 15:00,2023/2/2 16:00,204
2023/2/2 16:00,2023/2/2 17:00,212
2023/2/2 17:00,2023/2/2 18:00,228
2023/2/2 18:00,2023/2/2 19:00,226
2023/2/2 19:00,2023/2/2 20:00,233
2023/2/2 20:00,2023/2/2 21:00,214
2023/2/2 21:00,2023/2/2 22:00,203
2023/2/2 22:00,2023/2/2 23:00,188
2023/2/2 23:00,2023/2/3 0:00,171
2023/2/3 0:00,2023/2/3 1:00,169
2023/2/3 1:00,2023/2/3 2:00,163
2023/2/3 2:00,2023/2/3 3:00,135
2023/2/3 3:00,2023/2/3 4:00,145
2023/2/3 4:00,2023/2/3 5:00,161
2023/2/3 5:00,2023/2/3 6:00,159
2023/2/3 6:00,2023/2/3 7:00,163
2023/2/3 7:00,2023/2/3 8:00,138
2023/2/3 8:00,2023/2/3 9:00,128
2023/2/3 9:00,2023/2/3 10:00,124
2023/2/3 10:00,2023/2/3 11:00,125
2023/2/3 11:00,2023/2/3 12:00,146
2023/2/3 12:00,2023/2/3 13:00,196
2023/2/3 13:00,2023/2/3 14:00,297
2023/2/3 14:00,2023/2/3 15:00,406
2023/2/3 15:00,2023/2/3 16:00,477
2023/2/3 16:00,2023/2/3 17:00,507
2023/2/3 17:00,2023/2/3 18:00,555
2023/2/3 18:00,2023/2/3 19:00,626
2023/2/3 19:00,2023/2/3 20:00,661
2023/2/3 20:00,2023/2/3 21:00,646
2023/2/3 21:00,2023/2/3 22:00,638
2023/2/3 22:00,2023/2/3 23:00,659
2023/2/3 23:00,2023/2/4 0:00,637
2023/2/4 0:00,2023/2/4 1:00,579
2023/2/4 1:00,2023/2/4 2:00,514
2023/2/4 2:00,2023/2/4 3:00,454
2023/2/4 3:00,2023/2/4 4:00,361
2023/2/4 4:00,2023/2/4 5:00,283
2023/2/4 5:00,2023/2/4 6:00,250
2023/2/4 6:00,2023/2/4 7:00,213
2023/2/4 7:00,2023/2/4 8:00,163
2023/2/4 8:00,2023/2/4 9:00,120
2023/2/4 9:00,2023/2/4 10:00,101
2023/2/4 10:00,2023/2/4 11:00,89
2023/2/4 11:00,2023/2/4 12:00,93
2023/2/4 12:00,2023/2/4 13:00,96
2023/2/4 13:00,2023/2/4 14:00,135
2023/2/4 14:00,2023/2/4 15:00,221
2023/2/4 15:00,2023/2/4 16:00,324
2023/2/4 16:00,2023/2/4 17:00,407
2023/2/4 17:00,2023/2/4 18:00,540
2023/2/4 18:00,2023/2/4 19:00,639
2023/2/4 19:00,2023/2/4 20:00,710
2023/2/4 20:00,2023/2/4 21:00,751
2023/2/4 21:00,2023/2/4 22:00,749
2023/2/4 22:00,2023/2/4 23:00,742
2023/2/4 23:00,2023/2/5 0:00,795
2023/2/5 0:00,2023/2/5 1:00,882
2023/2/5 1:00,2023/2/5 2:00,1023
2023/2/5 2:00,2023/2/5 3:00,1125
2023/2/5 3:00,2023/2/5 4:00,1155
2023/2/5 4:00,2023/2/5 5:00,1150
2023/2/5 5:00,2023/2/5 6:00,1083
2023/2/5 6:00,2023/2/5 7:00,1026
2023/2/5 7:00,2023/2/5 8:00,898
2023/2/5 8:00,2023/2/5 9:00,755
2023/2/5 9:00,2023/2/5 10:00,638
2023/2/5 10:00,2023/2/5 11:00,519
2023/2/5 11:00,2023/2/5 12:00,471
2023/2/5 12:00,2023/2/5 13:00,434
2023/2/5 13:00,2023/2/5 14:00,437
2023/2/5 14:00,2023/2/5 15:00,510
2023/2/5 15:00,2023/2/5 16:00,545
2023/2/5 16:00,2023/2/5 17:00,575
2023/2/5 17:00,2023/2/5 18:00,558
2023/2/5 18:00,2023/2/5 19:00,548
2023/2/5 19:00,2023/2/5 20:00,624
2023/2/5 20:00,2023/2/5 21:00,623
2023/2/5 21:00,2023/2/5 22:00,619
2023/2/5 22:00,2023/2/5 23:00,598
2023/2/5 23:00,2023/2/6 0:00,632
2023/2/6 0:00,2023/2/6 1:00,777
2023/2/6 1:00,2023/2/6 2:00,759
2023/2/6 2:00,2023/2/6 3:00,741
2023/2/6 3:00,2023/2/6 4:00,745
2023/2/6 4:00,2023/2/6 5:00,714
2023/2/6 5:00,2023/2/6 6:00,539
2023/2/6 6:00,2023/2/6 7:00,384
2023/2/6 7:00,2023/2/6 8:00,292
2023/2/6 8:00,2023/2/6 9:00,210
2023/2/6 9:00,2023/2/6 10:00,148
2023/2/6 10:00,2023/2/6 11:00,92
2023/2/6 11:00,2023/2/6 12:00,162
2023/2/6 12:00,2023/2/6 13:00,276
2023/2/6 13:00,2023/2/6 14:00,510
2023/2/6 14:00,2023/2/6 15:00,730
2023/2/6 15:00,2023/2/6 16:00,886
2023/2/6 16:00,2023/2/6 17:00,964
2023/2/6 17:00,2023/2/6 18:00,1011
2023/2/6 18:00,2023/2/6 19:00,1056
2023/2/6 19:00,2023/2/6 20:00,1092
2023/2/6 20:00,2023/2/6 21:00,1131
2023/2/6 21:00,2023/2/6 22:00,1129
2023/2/6 22:00,2023/2/6 23:00,1122
2023/2/6 23:00,2023/2/7 0:00,1101
2023/2/7 0:00,2023/2/7 1:00,1107
2023/2/7 1:00,2023/2/7 2:00,1109
2023/2/7 2:00,2023/2/7 3:00,1095
2023/2/7 3:00,2023/2/7 4:00,1082
2023/2/7 4:00,2023/2/7 5:00,1074
2023/2/7 5:00,2023/2/7 6:00,1083
2023/2/7 6:00,2023/2/7 7:00,1081
2023/2/7 7:00,2023/2/7 8:00,1061
2023/2/7 8:00,2023/2/7 9:00,1074
2023/2/7 9:00,2023/2/7 10:00,1110
2023/2/7 10:00,2023/2/7 11:00,1137
2023/2/7 11:00,2023/2/7 12:00,1169
2023/2/7 12:00,2023/2/7 13:00,1145
2023/2/7 13:00,2023/2/7 14:00,1093
2023/2/7 14:00,2023/2/7 15:00,1074
2023/2/7 15:00,2023/2/7 16:00,1059
2023/2/7 16:00,2023/2/7 17:00,986
2023/2/7 17:00,2023/2/7 18:00,860
2023/2/7 18:00,2023/2/7 19:00,731
2023/2/7 19:00,2023/2/7 20:00,591
2023/2/7 20:00,2023/2/7 21:00,505
2023/2/7 21:00,2023/2/7 22:00,441
2023/2/7 22:00,2023/2/7 23:00,391
2023/2/7 23:00,2023/2/8 0:00,337
2023/2/8 0:00,2023/2/8 1:00,297
2023/2/8 1:00,2023/2/8 2:00,278
2023/2/8 2:00,2023/2/8 3:00,243
2023/2/8 3:00,2023/2/8 4:00,246
2023/2/8 4:00,2023/2/8 5:00,275
2023/2/8 5:00,2023/2/8 6:00,325
2023/2/8 6:00,2023/2/8 7:00,368
2023/2/8 7:00,2023/2/8 8:00,461
2023/2/8 8:00,2023/2/8 9:00,541
2023/2/8 9:00,2023/2/8 10:00,619
2023/2/8 10:00,2023/2/8 11:00,692
2023/2/8 11:00,2023/2/8 12:00,801
2023/2/8 12:00,2023/2/8 13:00,983
2023/2/8 13:00,2023/2/8 14:00,1150
2023/2/8 14:00,2023/2/8 15:00,1232
2023/2/8 15:00,2023/2/8 16:00,1312
2023/2/8 16:00,2023/2/8 17:00,1360
2023/2/8 17:00,2023/2/8 18:00,1392
2023/2/8 18:00,2023/2/8 19:00,1415
2023/2/8 19:00,2023/2/8 20:00,1421
2023/2/8 20:00,2023/2/8 21:00,1420
2023/2/8 21:00,2023/2/8 22:00,1404
2023/2/8 22:00,2023/2/8 23:00,1409
2023/2/8 23:00,2023/2/9 0:00,1392
2023/2/9 0:00,2023/2/9 1:00,1386
2023/2/9 1:00,2023/2/9 2:00,1359
2023/2/9 2:00,2023/2/9 3:00,1343
2023/2/9 3:00,2023/2/9 4:00,1318
2023/2/9 4:00,2023/2/9 5:00,1297
2023/2/9 5:00,2023/2/9 6:00,1330
2023/2/9 6:00,2023/2/9 7:00,1342
2023/2/9 7:00,2023/2/9 8:00,1330
2023/2/9 8:00,2023/2/9 9:00,1327
2023/2/9 9:00,2023/2/9 10:00,1331
2023/2/9 10:00,2023/2/9 11:00,1330
2023/2/9 11:00,2023/2/9 12:00,1327
2023/2/9 12:00,2023/2/9 13:00,1338
2023/2/9 13:00,2023/2/9 14:00,1328
2023/2/9 14:00,2023/2/9 15:00,1339
2023/2/9 15:00,2023/2/9 16:00,1359
2023/2/9 16:00,2023/2/9 17:00,1352
2023/2/9 17:00,2023/2/9 18:00,1338
2023/2/9 18:00,2023/2/9 19:00,1327
2023/2/9 19:00,2023/2/9 20:00,1310
2023/2/9 20:00,2023/2/9 21:00,1283
2023/2/9 21:00,2023/2/9 22:00,1228
2023/2/9 22:00,2023/2/9 23:00,1152
2023/2/9 23:00,2023/2/10 0:00,1028
2023/2/10 0:00,2023/2/10 1:00,914
2023/2/10 1:00,2023/2/10 2:00,688
2023/2/10 2:00,2023/2/10 3:00,671
2023/2/10 3:00,2023/2/10 4:00,728
2023/2/10 4:00,2023/2/10 5:00,722
2023/2/10 5:00,2023/2/10 6:00,722
2023/2/10 6:00,2023/2/10 7:00,744
2023/2/10 7:00,2023/2/10 8:00,696
2023/2/10 8:00,2023/2/10 9:00,868
2023/2/10 9:00,2023/2/10 10:00,1029
2023/2/10 10:00,2023/2/10 11:00,1200
2023/2/10 11:00,2023/2/10 12:00,1250
2023/2/10 12:00,2023/2/10 13:00,1241
2023/2/10 13:00,2023/2/10 14:00,1248
2023/2/10 14:00,2023/2/10 15:00,1248
2023/2/10 15:00,2023/2/10 16:00,1244
2023/2/10 16:00,2023/2/10 17:00,1239
2023/2/10 17:00,2023/2/10 18:00,1239
2023/2/10 18:00,2023/2/10 19:00,1186
2023/2/10 19:00,2023/2/10 20:00,1114
2023/2/10 20:00,2023/2/10 21:00,1072
2023/2/10 21:00,2023/2/10 22:00,959
2023/2/10 22:00,2023/2/10 23:00,854
2023/2/10 23:00,2023/2/11 0:00,738
2023/2/11 0:00,2023/2/11 1:00,676
2023/2/11 1:00,2023/2/11 2:00,629
2023/2/11 2:00,2023/2/11 3:00,584
2023/2/11 3:00,2023/2/11 4:00,550
2023/2/11 4:00,2023/2/11 5:00,591
2023/2/11 5:00,2023/2/11 6:00,647
2023/2/11 6:00,2023/2/11 7:00,715
2023/2/11 7:00,2023/2/11 8:00,731
2023/2/11 8:00,2023/2/11 9:00,697
2023/2/11 9:00,2023/2/11 10:00,631
2023/2/11 10:00,2023/2/11 11:00,528
2023/2/11 11:00,2023/2/11 12:00,532
2023/2/11 12:00,2023/2/11 13:00,560
2023/2/11 13:00,2023/2/11 14:00,558
2023/2/11 14:00,2023/2/11 15:00,666
2023/2/11 15:00,2023/2/11 16:00,864
2023/2/11 16:00,2023/2/11 17:00,1025
2023/2/11 17:00,2023/2/11 18:00,1078
2023/2/11 18:00,2023/2/11 19:00,1053
2023/2/11 19:00,2023/2/11 20:00,975
2023/2/11 20:00,2023/2/11 21:00,880
2023/2/11 21:00,2023/2/11 22:00,847
2023/2/11 22:00,2023/2/11 23:00,765
2023/2/11 23:00,2023/2/12 0:00,722
2023/2/12 0:00,2023/2/12 1:00,704
2023/2/12 1:00,2023/2/12 2:00,720
2023/2/12 2:00,2023/2/12 3:00,734
2023/2/12 3:00,2023/2/12 4:00,864
2023/2/12 4:00,2023/2/12 5:00,1058
2023/2/12 5:00,2023/2/12 6:00,1134
2023/2/12 6:00,2023/2/12 7:00,1175
2023/2/12 7:00,2023/2/12 8:00,1179
2023/2/12 8:00,2023/2/12 9:00,1194
2023/2/12 9:00,2023/2/12 10:00,1218
2023/2/12 10:00,2023/2/12 11:00,1194
2023/2/12 11:00,2023/2/12 12:00,1230
2023/2/12 12:00,2023/2/12 13:00,1303
2023/2/12 13:00,2023/2/12 14:00,1350
2023/2/12 14:00,2023/2/12 15:00,1380
2023/2/12 15:00,2023/2/12 16:00,1387
2023/2/12 16:00,2023/2/12 17:00,1393
2023/2/12 17:00,2023/2/12 18:00,1400
2023/2/12 18:00,2023/2/12 19:00,1398
2023/2/12 19:00,2023/2/12 20:00,1392
2023/2/12 20:00,2023/2/12 21:00,1398
2023/2/12 21:00,2023/2/12 22:00,1400
2023/2/12 22:00,2023/2/12 23:00,1401
2023/2/12 23:00,2023/2/13 0:00,1400
2023/2/13 0:00,2023/2/13 1:00,1396
2023/2/13 1:00,2023/2/13 2:00,1397
2023/2/13 2:00,2023/2/13 3:00,1400
2023/2/13 3:00,2023/2/13 4:00,1400
2023/2/13 4:00,2023/2/13 5:00,1398
2023/2/13 5:00,2023/2/13 6:00,1391
2023/2/13 6:00,2023/2/13 7:00,1392
2023/2/13 7:00,2023/2/13 8:00,1381
2023/2/13 8:00,2023/2/13 9:00,1356
2023/2/13 9:00,2023/2/13 10:00,1358
2023/2/13 10:00,2023/2/13 11:00,1348
2023/2/13 11:00,2023/2/13 12:00,1347
2023/2/13 12:00,2023/2/13 13:00,1356
2023/2/13 13:00,2023/2/13 14:00,1375
2023/2/13 14:00,2023/2/13 15:00,1375
2023/2/13 15:00,2023/2/13 16:00,1380
2023/2/13 16:00,2023/2/13 17:00,1386
2023/2/13 17:00,2023/2/13 18:00,1387
2023/2/13 18:00,2023/2/13 19:00,1369
2023/2/13 19:00,2023/2/13 20:00,1349
2023/2/13 20:00,2023/2/13 21:00,1320
2023/2/13 21:00,2023/2/13 22:00,1296
2023/2/13 22:00,2023/2/13 23:00,1181
2023/2/13 23:00,2023/2/14 0:00,1032
2023/2/14 0:00,2023/2/14 1:00,805
2023/2/14 1:00,2023/2/14 2:00,528
2023/2/14 2:00,2023/2/14 3:00,304
2023/2/14 3:00,2023/2/14 4:00,156
2023/2/14 4:00,2023/2/14 5:00,104
2023/2/14 5:00,2023/2/14 6:00,193
2023/2/14 6:00,2023/2/14 7:00,381
2023/2/14 7:00,2023/2/14 8:00,541
2023/2/14 8:00,2023/2/14 9:00,624
2023/2/14 9:00,2023/2/14 10:00,553
2023/2/14 10:00,2023/2/14 11:00,415
2023/2/14 11:00,2023/2/14 12:00,337
2023/2/14 12:00,2023/2/14 13:00,295
2023/2/14 13:00,2023/2/14 14:00,308
2023/2/14 14:00,2023/2/14 15:00,328
2023/2/14 15:00,2023/2/14 16:00,391
2023/2/14 16:00,2023/2/14 17:00,462
2023/2/14 17:00,2023/2/14 18:00,479
2023/2/14 18:00,2023/2/14 19:00,446
2023/2/14 19:00,2023/2/14 20:00,405
2023/2/14 20:00,2023/2/14 21:00,351
2023/2/14 21:00,2023/2/14 22:00,349
2023/2/14 22:00,2023/2/14 23:00,315
2023/2/14 23:00,2023/2/15 0:00,271
2023/2/15 0:00,2023/2/15 1:00,268
2023/2/15 1:00,2023/2/15 2:00,254
2023/2/15 2:00,2023/2/15 3:00,257
2023/2/15 3:00,2023/2/15 4:00,255
2023/2/15 4:00,2023/2/15 5:00,305
2023/2/15 5:00,2023/2/15 6:00,359
2023/2/15 6:00,2023/2/15 7:00,361
2023/2/15 7:00,2023/2/15 8:00,326
2023/2/15 8:00,2023/2/15 9:00,275
2023/2/15 9:00,2023/2/15 10:00,231
2023/2/15 10:00,2023/2/15 11:00,224
2023/2/15 11:00,2023/2/15 12:00,227
2023/2/15 12:00,2023/2/15 13:00,235
2023/2/15 13:00,2023/2/15 14:00,266
2023/2/15 14:00,2023/2/15 15:00,355
2023/2/15 15:00,2023/2/15 16:00,467
2023/2/15 16:00,2023/2/15 17:00,583
2023/2/15 17:00,2023/2/15 18:00,708
2023/2/15 18:00,2023/2/15 19:00,732
2023/2/15 19:00,2023/2/15 20:00,714
2023/2/15 20:00,2023/2/15 21:00,659
2023/2/15 21:00,2023/2/15 22:00,620
2023/2/15 22:00,2023/2/15 23:00,631
2023/2/15 23:00,2023/2/16 0:00,686
2023/2/16 0:00,2023/2/16 1:00,768
2023/2/16 1:00,2023/2/16 2:00,813
2023/2/16 2:00,2023/2/16 3:00,845
2023/2/16 3:00,2023/2/16 4:00,869
2023/2/16 4:00,2023/2/16 5:00,908
2023/2/16 5:00,2023/2/16 6:00,964
2023/2/16 6:00,2023/2/16 7:00,1000
2023/2/16 7:00,2023/2/16 8:00,999
2023/2/16 8:00,2023/2/16 9:00,1020
2023/2/16 9:00,2023/2/16 10:00,1014
2023/2/16 10:00,2023/2/16 11:00,999
2023/2/16 11:00,2023/2/16 12:00,1021
2023/2/16 12:00,2023/2/16 13:00,1042
2023/2/16 13:00,2023/2/16 14:00,1047
2023/2/16 14:00,2023/2/16 15:00,994
2023/2/16 15:00,2023/2/16 16:00,914
2023/2/16 16:00,2023/2/16 17:00,913
2023/2/16 17:00,2023/2/16 18:00,918
2023/2/16 18:00,2023/2/16 19:00,909
2023/2/16 19:00,2023/2/16 20:00,860
2023/2/16 20:00,2023/2/16 21:00,759
2023/2/16 21:00,2023/2/16 22:00,646
2023/2/16 22:00,2023/2/16 23:00,543
2023/2/16 23:00,2023/2/17 0:00,490
2023/2/17 0:00,2023/2/17 1:00,438
2023/2/17 1:00,2023/2/17 2:00,455
2023/2/17 2:00,2023/2/17 3:00,470
2023/2/17 3:00,2023/2/17 4:00,523
2023/2/17 4:00,2023/2/17 5:00,547
2023/2/17 5:00,2023/2/17 6:00,549
2023/2/17 6:00,2023/2/17 7:00,530
2023/2/17 7:00,2023/2/17 8:00,541
2023/2/17 8:00,2023/2/17 9:00,520
2023/2/17 9:00,2023/2/17 10:00,497
2023/2/17 10:00,2023/2/17 11:00,463
2023/2/17 11:00,2023/2/17 12:00,445
2023/2/17 12:00,2023/2/17 13:00,449
2023/2/17 13:00,2023/2/17 14:00,489
2023/2/17 14:00,2023/2/17 15:00,542
2023/2/17 15:00,2023/2/17 16:00,552
2023/2/17 16:00,2023/2/17 17:00,515
2023/2/17 17:00,2023/2/17 18:00,549
2023/2/17 18:00,2023/2/17 19:00,636
2023/2/17 19:00,2023/2/17 20:00,633
2023/2/17 20:00,2023/2/17 21:00,676
2023/2/17 21:00,2023/2/17 22:00,719
2023/2/17 22:00,2023/2/17 23:00,745
2023/2/17 23:00,2023/2/18 0:00,789
2023/2/18 0:00,2023/2/18 1:00,805
2023/2/18 1:00,2023/2/18 2:00,800
2023/2/18 2:00,2023/2/18 3:00,758
2023/2/18 3:00,2023/2/18 4:00,736
2023/2/18 4:00,2023/2/18 5:00,702
2023/2/18 5:00,2023/2/18 6:00,685
2023/2/18 6:00,2023/2/18 7:00,637
2023/2/18 7:00,2023/2/18 8:00,555
2023/2/18 8:00,2023/2/18 9:00,488
2023/2/18 9:00,2023/2/18 10:00,422
2023/2/18 10:00,2023/2/18 11:00,364
2023/2/18 11:00,2023/2/18 12:00,316
2023/2/18 12:00,2023/2/18 13:00,322
2023/2/18 13:00,2023/2/18 14:00,315
2023/2/18 14:00,2023/2/18 15:00,319
2023/2/18 15:00,2023/2/18 16:00,334
2023/2/18 16:00,2023/2/18 17:00,321
2023/2/18 17:00,2023/2/18 18:00,303
2023/2/18 18:00,2023/2/18 19:00,279
2023/2/18 19:00,2023/2/18 20:00,266
2023/2/18 20:00,2023/2/18 21:00,267
2023/2/18 21:00,2023/2/18 22:00,281
2023/2/18 22:00,2023/2/18 23:00,296
2023/2/18 23:00,2023/2/19 0:00,306
2023/2/19 0:00,2023/2/19 1:00,291
2023/2/19 1:00,2023/2/19 2:00,262
2023/2/19 2:00,2023/2/19 3:00,243
2023/2/19 3:00,2023/2/19 4:00,230
2023/2/19 4:00,2023/2/19 5:00,215
2023/2/19 5:00,2023/2/19 6:00,209
2023/2/19 6:00,2023/2/19 7:00,216
2023/2/19 7:00,2023/2/19 8:00,207
2023/2/19 8:00,2023/2/19 9:00,173
2023/2/19 9:00,2023/2/19 10:00,140
2023/2/19 10:00,2023/2/19 11:00,129
2023/2/19 11:00,2023/2/19 12:00,133
2023/2/19 12:00,2023/2/19 13:00,126
2023/2/19 13:00,2023/2/19 14:00,117
2023/2/19 14:00,2023/2/19 15:00,145
2023/2/19 15:00,2023/2/19 16:00,168
2023/2/19 16:00,2023/2/19 17:00,212
2023/2/19 17:00,2023/2/19 18:00,203
2023/2/19 18:00,2023/2/19 19:00,209
2023/2/19 19:00,2023/2/19 20:00,224
2023/2/19 20:00,2023/2/19 21:00,235
2023/2/19 21:00,2023/2/19 22:00,264
2023/2/19 22:00,2023/2/19 23:00,287
2023/2/19 23:00,2023/2/20 0:00,278
2023/2/20 0:00,2023/2/20 1:00,263
2023/2/20 1:00,2023/2/20 2:00,277
2023/2/20 2:00,2023/2/20 3:00,285
2023/2/20 3:00,2023/2/20 4:00,283
2023/2/20 4:00,2023/2/20 5:00,339
2023/2/20 5:00,2023/2/20 6:00,395
2023/2/20 6:00,2023/2/20 7:00,435
2023/2/20 7:00,2023/2/20 8:00,408
2023/2/20 8:00,2023/2/20 9:00,364
2023/2/20 9:00,2023/2/20 10:00,351
2023/2/20 10:00,2023/2/20 11:00,366
2023/2/20 11:00,2023/2/20 12:00,381
2023/2/20 12:00,2023/2/20 13:00,439
2023/2/20 13:00,2023/2/20 14:00,486
2023/2/20 14:00,2023/2/20 15:00,500
2023/2/20 15:00,2023/2/20 16:00,537
2023/2/20 16:00,2023/2/20 17:00,565
2023/2/20 17:00,2023/2/20 18:00,567
2023/2/20 18:00,2023/2/20 19:00,547
2023/2/20 19:00,2023/2/20 20:00,492
2023/2/20 20:00,2023/2/20 21:00,429
2023/2/20 21:00,2023/2/20 22:00,363
2023/2/20 22:00,2023/2/20 23:00,297
2023/2/20 23:00,2023/2/21 0:00,279
2023/2/21 0:00,2023/2/21 1:00,290
2023/2/21 1:00,2023/2/21 2:00,312
2023/2/21 2:00,2023/2/21 3:00,336
2023/2/21 3:00,2023/2/21 4:00,320
2023/2/21 4:00,2023/2/21 5:00,316
2023/2/21 5:00,2023/2/21 6:00,287
2023/2/21 6:00,2023/2/21 7:00,259
2023/2/21 7:00,2023/2/21 8:00,199
2023/2/21 8:00,2023/2/21 9:00,121
2023/2/21 9:00,2023/2/21 10:00,54
2023/2/21 10:00,2023/2/21 11:00,36
2023/2/21 11:00,2023/2/21 12:00,39
2023/2/21 12:00,2023/2/21 13:00,34
2023/2/21 13:00,2023/2/21 14:00,34
2023/2/21 14:00,2023/2/21 15:00,55
2023/2/21 15:00,2023/2/21 16:00,99
2023/2/21 16:00,2023/2/21 17:00,172
2023/2/21 17:00,2023/2/21 18:00,188
2023/2/21 18:00,2023/2/21 19:00,184
2023/2/21 19:00,2023/2/21 20:00,160
2023/2/21 20:00,2023/2/21 21:00,103
2023/2/21 21:00,2023/2/21 22:00,69
2023/2/21 22:00,2023/2/21 23:00,37
2023/2/21 23:00,2023/2/22 0:00,24
2023/2/22 0:00,2023/2/22 1:00,26
2023/2/22 1:00,2023/2/22 2:00,27
2023/2/22 2:00,2023/2/22 3:00,33
2023/2/22 3:00,2023/2/22 4:00,42
2023/2/22 4:00,2023/2/22 5:00,54
2023/2/22 5:00,2023/2/22 6:00,51
2023/2/22 6:00,2023/2/22 7:00,33
2023/2/22 7:00,2023/2/22 8:00,31
2023/2/22 8:00,2023/2/22 9:00,26
2023/2/22 9:00,2023/2/22 10:00,18
2023/2/22 10:00,2023/2/22 11:00,12
2023/2/22 11:00,2023/2/22 12:00,6
2023/2/22 12:00,2023/2/22 13:00,7
2023/2/22 13:00,2023/2/22 14:00,16
2023/2/22 14:00,2023/2/22 15:00,50
2023/2/22 15:00,2023/2/22 16:00,147
2023/2/22 16:00,2023/2/22 17:00,317
2023/2/22 17:00,2023/2/22 18:00,548
2023/2/22 18:00,2023/2/22 19:00,712
2023/2/22 19:00,2023/2/22 20:00,801
2023/2/22 20:00,2023/2/22 21:00,866
2023/2/22 21:00,2023/2/22 22:00,950
2023/2/22 22:00,2023/2/22 23:00,992
2023/2/22 23:00,2023/2/23 0:00,971
2023/2/23 0:00,2023/2/23 1:00,1018
2023/2/23 1:00,2023/2/23 2:00,1049
2023/2/23 2:00,2023/2/23 3:00,1073
2023/2/23 3:00,2023/2/23 4:00,1102
2023/2/23 4:00,2023/2/23 5:00,1135
2023/2/23 5:00,2023/2/23 6:00,1207
2023/2/23 6:00,2023/2/23 7:00,1212
2023/2/23 7:00,2023/2/23 8:00,1161
2023/2/23 8:00,2023/2/23 9:00,1077
2023/2/23 9:00,2023/2/23 10:00,915
2023/2/23 10:00,2023/2/23 11:00,735
2023/2/23 11:00,2023/2/23 12:00,625
2023/2/23 12:00,2023/2/23 13:00,528
2023/2/23 13:00,2023/2/23 14:00,486
2023/2/23 14:00,2023/2/23 15:00,532
2023/2/23 15:00,2023/2/23 16:00,605
2023/2/23 16:00,2023/2/23 17:00,677
2023/2/23 17:00,2023/2/23 18:00,732
2023/2/23 18:00,2023/2/23 19:00,750
2023/2/23 19:00,2023/2/23 20:00,731
2023/2/23 20:00,2023/2/23 21:00,711
2023/2/23 21:00,2023/2/23 22:00,635
2023/2/23 22:00,2023/2/23 23:00,615
2023/2/23 23:00,2023/2/24 0:00,667
2023/2/24 0:00,2023/2/24 1:00,676
2023/2/24 1:00,2023/2/24 2:00,669
2023/2/24 2:00,2023/2/24 3:00,621
2023/2/24 3:00,2023/2/24 4:00,544
2023/2/24 4:00,2023/2/24 5:00,469
2023/2/24 5:00,2023/2/24 6:00,411
2023/2/24 6:00,2023/2/24 7:00,430
2023/2/24 7:00,2023/2/24 8:00,434
2023/2/24 8:00,2023/2/24 9:00,328
2023/2/24 9:00,2023/2/24 10:00,221
2023/2/24 10:00,2023/2/24 11:00,174
2023/2/24 11:00,2023/2/24 12:00,159
2023/2/24 12:00,2023/2/24 13:00,153
2023/2/24 13:00,2023/2/24 14:00,143
2023/2/24 14:00,2023/2/24 15:00,119
2023/2/24 15:00,2023/2/24 16:00,136
2023/2/24 16:00,2023/2/24 17:00,152
2023/2/24 17:00,2023/2/24 18:00,181
2023/2/24 18:00,2023/2/24 19:00,231
2023/2/24 19:00,2023/2/24 20:00,276
2023/2/24 20:00,2023/2/24 21:00,308
2023/2/24 21:00,2023/2/24 22:00,343
2023/2/24 22:00,2023/2/24 23:00,387
2023/2/24 23:00,2023/2/25 0:00,406
2023/2/25 0:00,2023/2/25 1:00,469
2023/2/25 1:00,2023/2/25 2:00,477
2023/2/25 2:00,2023/2/25 3:00,523
2023/2/25 3:00,2023/2/25 4:00,520
2023/2/25 4:00,2023/2/25 5:00,524
2023/2/25 5:00,2023/2/25 6:00,497
2023/2/25 6:00,2023/2/25 7:00,432
2023/2/25 7:00,2023/2/25 8:00,358
2023/2/25 8:00,2023/2/25 9:00,267
2023/2/25 9:00,2023/2/25 10:00,195
2023/2/25 10:00,2023/2/25 11:00,154
2023/2/25 11:00,2023/2/25 12:00,152
2023/2/25 12:00,2023/2/25 13:00,144
2023/2/25 13:00,2023/2/25 14:00,148
2023/2/25 14:00,2023/2/25 15:00,147
2023/2/25 15:00,2023/2/25 16:00,191
2023/2/25 16:00,2023/2/25 17:00,266
2023/2/25 17:00,2023/2/25 18:00,309
2023/2/25 18:00,2023/2/25 19:00,306
2023/2/25 19:00,2023/2/25 20:00,288
2023/2/25 20:00,2023/2/25 21:00,259
2023/2/25 21:00,2023/2/25 22:00,224
2023/2/25 22:00,2023/2/25 23:00,214
2023/2/25 23:00,2023/2/26 0:00,213
2023/2/26 0:00,2023/2/26 1:00,219
2023/2/26 1:00,2023/2/26 2:00,228
2023/2/26 2:00,2023/2/26 3:00,199
2023/2/26 3:00,2023/2/26 4:00,197
2023/2/26 4:00,2023/2/26 5:00,240
2023/2/26 5:00,2023/2/26 6:00,307
2023/2/26 6:00,2023/2/26 7:00,325
2023/2/26 7:00,2023/2/26 8:00,272
2023/2/26 8:00,2023/2/26 9:00,189
2023/2/26 9:00,2023/2/26 10:00,116
2023/2/26 10:00,2023/2/26 11:00,91
2023/2/26 11:00,2023/2/26 12:00,81
2023/2/26 12:00,2023/2/26 13:00,87
2023/2/26 13:00,2023/2/26 14:00,81
2023/2/26 14:00,2023/2/26 15:00,70
2023/2/26 15:00,2023/2/26 16:00,82
2023/2/26 16:00,2023/2/26 17:00,119
2023/2/26 17:00,2023/2/26 18:00,141
2023/2/26 18:00,2023/2/26 19:00,202
2023/2/26 19:00,2023/2/26 20:00,254
2023/2/26 20:00,2023/2/26 21:00,342
2023/2/26 21:00,2023/2/26 22:00,435
2023/2/26 22:00,2023/2/26 23:00,520
2023/2/26 23:00,2023/2/27 0:00,618
2023/2/27 0:00,2023/2/27 1:00,675
2023/2/27 1:00,2023/2/27 2:00,656
2023/2/27 2:00,2023/2/27 3:00,599
2023/2/27 3:00,2023/2/27 4:00,462
2023/2/27 4:00,2023/2/27 5:00,285
2023/2/27 5:00,2023/2/27 6:00,249
2023/2/27 6:00,2023/2/27 7:00,329
2023/2/27 7:00,2023/2/27 8:00,549
2023/2/27 8:00,2023/2/27 9:00,655
2023/2/27 9:00,2023/2/27 10:00,701
2023/2/27 10:00,2023/2/27 11:00,760
2023/2/27 11:00,2023/2/27 12:00,843
2023/2/27 12:00,2023/2/27 13:00,918
2023/2/27 13:00,2023/2/27 14:00,1060
2023/2/27 14:00,2023/2/27 15:00,1196
2023/2/27 15:00,2023/2/27 16:00,1301
2023/2/27 16:00,2023/2/27 17:00,1358
2023/2/27 17:00,2023/2/27 18:00,1378
2023/2/27 18:00,2023/2/27 19:00,1386
2023/2/27 19:00,2023/2/27 20:00,1374
2023/2/27 20:00,2023/2/27 21:00,1361
2023/2/27 21:00,2023/2/27 22:00,1374
2023/2/27 22:00,2023/2/27 23:00,1359
2023/2/27 23:00,2023/2/28 0:00,1293
2023/2/28 0:00,2023/2/28 1:00,1200
2023/2/28 1:00,2023/2/28 2:00,1143
2023/2/28 2:00,2023/2/28 3:00,1132
2023/2/28 3:00,2023/2/28 4:00,1178
2023/2/28 4:00,2023/2/28 5:00,1108
2023/2/28 5:00,2023/2/28 6:00,1137
2023/2/28 6:00,2023/2/28 7:00,1112
2023/2/28 7:00,2023/2/28 8:00,1023
2023/2/28 8:00,2023/2/28 9:00,961
2023/2/28 9:00,2023/2/28 10:00,933
2023/2/28 10:00,2023/2/28 11:00,883
2023/2/28 11:00,2023/2/28 12:00,895
2023/2/28 12:00,2023/2/28 13:00,888
2023/2/28 13:00,2023/2/28 14:00,900
2023/2/28 14:00,2023/2/28 15:00,912
2023/2/28 15:00,2023/2/28 16:00,985
2023/2/28 16:00,2023/2/28 17:00,1052
2023/2/28 17:00,2023/2/28 18:00,1121
2023/2/28 18:00,2023/2/28 19:00,1121
2023/2/28 19:00,2023/2/28 20:00,1103
2023/2/28 20:00,2023/2/28 21:00,1115
2023/2/28 21:00,2023/2/28 22:00,1143
2023/2/28 22:00,2023/2/28 23:00,1149
2023/2/28 23:00,2023/3/1 0:00,1053
2023/3/1 0:00,2023/3/1 1:00,1011
2023/3/1 1:00,2023/3/1 2:00,900
2023/3/1 2:00,2023/3/1 3:00,853
2023/3/1 3:00,2023/3/1 4:00,740
2023/3/1 4:00,2023/3/1 5:00,682
2023/3/1 5:00,2023/3/1 6:00,669
2023/3/1 6:00,2023/3/1 7:00,635
2023/3/1 7:00,2023/3/1 8:00,558
2023/3/1 8:00,2023/3/1 9:00,468
2023/3/1 9:00,2023/3/1 10:00,394
2023/3/1 10:00,2023/3/1 11:00,395
2023/3/1 11:00,2023/3/1 12:00,396
2023/3/1 12:00,2023/3/1 13:00,359
2023/3/1 13:00,2023/3/1 14:00,225
2023/3/1 14:00,2023/3/1 15:00,185
2023/3/1 15:00,2023/3/1 16:00,179
2023/3/1 16:00,2023/3/1 17:00,260
2023/3/1 17:00,2023/3/1 18:00,405
2023/3/1 18:00,2023/3/1 19:00,652
2023/3/1 19:00,2023/3/1 20:00,882
2023/3/1 20:00,2023/3/1 21:00,1082
2023/3/1 21:00,2023/3/1 22:00,1257
2023/3/1 22:00,2023/3/1 23:00,1320
2023/3/1 23:00,2023/3/2 0:00,1335
2023/3/2 0:00,2023/3/2 1:00,1332
2023/3/2 1:00,2023/3/2 2:00,1362
2023/3/2 2:00,2023/3/2 3:00,1357
2023/3/2 3:00,2023/3/2 4:00,1336
2023/3/2 4:00,2023/3/2 5:00,1334
2023/3/2 5:00,2023/3/2 6:00,1333
2023/3/2 6:00,2023/3/2 7:00,1301
2023/3/2 7:00,2023/3/2 8:00,1220
2023/3/2 8:00,2023/3/2 9:00,1143
2023/3/2 9:00,2023/3/2 10:00,1101
2023/3/2 10:00,2023/3/2 11:00,1074
2023/3/2 11:00,2023/3/2 12:00,1033
2023/3/2 12:00,2023/3/2 13:00,974
2023/3/2 13:00,2023/3/2 14:00,883
2023/3/2 14:00,2023/3/2 15:00,899
2023/3/2 15:00,2023/3/2 16:00,972
2023/3/2 16:00,2023/3/2 17:00,1076
2023/3/2 17:00,2023/3/2 18:00,1085
2023/3/2 18:00,2023/3/2 19:00,1138
2023/3/2 19:00,2023/3/2 20:00,1135
2023/3/2 20:00,2023/3/2 21:00,1120
2023/3/2 21:00,2023/3/2 22:00,1142
2023/3/2 22:00,2023/3/2 23:00,1108
2023/3/2 23:00,2023/3/3 0:00,1039
2023/3/3 0:00,2023/3/3 1:00,1017
2023/3/3 1:00,2023/3/3 2:00,1043
2023/3/3 2:00,2023/3/3 3:00,1017
2023/3/3 3:00,2023/3/3 4:00,986
2023/3/3 4:00,2023/3/3 5:00,985
2023/3/3 5:00,2023/3/3 6:00,918
2023/3/3 6:00,2023/3/3 7:00,839
2023/3/3 7:00,2023/3/3 8:00,566
2023/3/3 8:00,2023/3/3 9:00,298
2023/3/3 9:00,2023/3/3 10:00,211
2023/3/3 10:00,2023/3/3 11:00,222
2023/3/3 11:00,2023/3/3 12:00,352
2023/3/3 12:00,2023/3/3 13:00,381
2023/3/3 13:00,2023/3/3 14:00,380
2023/3/3 14:00,2023/3/3 15:00,348
2023/3/3 15:00,2023/3/3 16:00,309
2023/3/3 16:00,2023/3/3 17:00,264
2023/3/3 17:00,2023/3/3 18:00,318
2023/3/3 18:00,2023/3/3 19:00,458
2023/3/3 19:00,2023/3/3 20:00,489
2023/3/3 20:00,2023/3/3 21:00,495
2023/3/3 21:00,2023/3/3 22:00,462
2023/3/3 22:00,2023/3/3 23:00,421
2023/3/3 23:00,2023/3/4 0:00,404
2023/3/4 0:00,2023/3/4 1:00,421
2023/3/4 1:00,2023/3/4 2:00,486
2023/3/4 2:00,2023/3/4 3:00,518
2023/3/4 3:00,2023/3/4 4:00,533
2023/3/4 4:00,2023/3/4 5:00,572
2023/3/4 5:00,2023/3/4 6:00,620
2023/3/4 6:00,2023/3/4 7:00,617
2023/3/4 7:00,2023/3/4 8:00,532
2023/3/4 8:00,2023/3/4 9:00,404
2023/3/4 9:00,2023/3/4 10:00,320
2023/3/4 10:00,2023/3/4 11:00,320
2023/3/4 11:00,2023/3/4 12:00,298
2023/3/4 12:00,2023/3/4 13:00,233
2023/3/4 13:00,2023/3/4 14:00,186
2023/3/4 14:00,2023/3/4 15:00,168
2023/3/4 15:00,2023/3/4 16:00,153
2023/3/4 16:00,2023/3/4 17:00,179
2023/3/4 17:00,2023/3/4 18:00,180
2023/3/4 18:00,2023/3/4 19:00,177
2023/3/4 19:00,2023/3/4 20:00,158
2023/3/4 20:00,2023/3/4 21:00,141
2023/3/4 21:00,2023/3/4 22:00,129
2023/3/4 22:00,2023/3/4 23:00,133
2023/3/4 23:00,2023/3/5 0:00,151
2023/3/5 0:00,2023/3/5 1:00,139
2023/3/5 1:00,2023/3/5 2:00,144
2023/3/5 2:00,2023/3/5 3:00,139
2023/3/5 3:00,2023/3/5 4:00,150
2023/3/5 4:00,2023/3/5 5:00,168
2023/3/5 5:00,2023/3/5 6:00,200
2023/3/5 6:00,2023/3/5 7:00,197
2023/3/5 7:00,2023/3/5 8:00,174
2023/3/5 8:00,2023/3/5 9:00,115
2023/3/5 9:00,2023/3/5 10:00,95
2023/3/5 10:00,2023/3/5 11:00,79
2023/3/5 11:00,2023/3/5 12:00,64
2023/3/5 12:00,2023/3/5 13:00,64
2023/3/5 13:00,2023/3/5 14:00,73
2023/3/5 14:00,2023/3/5 15:00,92
2023/3/5 15:00,2023/3/5 16:00,97
2023/3/5 16:00,2023/3/5 17:00,149
2023/3/5 17:00,2023/3/5 18:00,192
2023/3/5 18:00,2023/3/5 19:00,211
2023/3/5 19:00,2023/3/5 20:00,213
2023/3/5 20:00,2023/3/5 21:00,182
2023/3/5 21:00,2023/3/5 22:00,130
2023/3/5 22:00,2023/3/5 23:00,102
2023/3/5 23:00,2023/3/6 0:00,83
2023/3/6 0:00,2023/3/6 1:00,78
2023/3/6 1:00,2023/3/6 2:00,83
2023/3/6 2:00,2023/3/6 3:00,94
2023/3/6 3:00,2023/3/6 4:00,99
2023/3/6 4:00,2023/3/6 5:00,112
2023/3/6 5:00,2023/3/6 6:00,129
2023/3/6 6:00,2023/3/6 7:00,138
2023/3/6 7:00,2023/3/6 8:00,104
2023/3/6 8:00,2023/3/6 9:00,41
2023/3/6 9:00,2023/3/6 10:00,15
2023/3/6 10:00,2023/3/6 11:00,12
2023/3/6 11:00,2023/3/6 12:00,20
2023/3/6 12:00,2023/3/6 13:00,32
2023/3/6 13:00,2023/3/6 14:00,47
2023/3/6 14:00,2023/3/6 15:00,63
2023/3/6 15:00,2023/3/6 16:00,73
2023/3/6 16:00,2023/3/6 17:00,75
2023/3/6 17:00,2023/3/6 18:00,74
2023/3/6 18:00,2023/3/6 19:00,64
2023/3/6 19:00,2023/3/6 20:00,43
2023/3/6 20:00,2023/3/6 21:00,31
2023/3/6 21:00,2023/3/6 22:00,18
2023/3/6 22:00,2023/3/6 23:00,16
2023/3/6 23:00,2023/3/7 0:00,26
2023/3/7 0:00,2023/3/7 1:00,43
2023/3/7 1:00,2023/3/7 2:00,72
2023/3/7 2:00,2023/3/7 3:00,93
2023/3/7 3:00,2023/3/7 4:00,124
2023/3/7 4:00,2023/3/7 5:00,158
2023/3/7 5:00,2023/3/7 6:00,202
2023/3/7 6:00,2023/3/7 7:00,257
2023/3/7 7:00,2023/3/7 8:00,226
2023/3/7 8:00,2023/3/7 9:00,151
2023/3/7 9:00,2023/3/7 10:00,95
2023/3/7 10:00,2023/3/7 11:00,94
2023/3/7 11:00,2023/3/7 12:00,97
2023/3/7 12:00,2023/3/7 13:00,138
2023/3/7 13:00,2023/3/7 14:00,156
2023/3/7 14:00,2023/3/7 15:00,149
2023/3/7 15:00,2023/3/7 16:00,174
2023/3/7 16:00,2023/3/7 17:00,302
2023/3/7 17:00,2023/3/7 18:00,450
2023/3/7 18:00,2023/3/7 19:00,573
2023/3/7 19:00,2023/3/7 20:00,593
2023/3/7 20:00,2023/3/7 21:00,576
2023/3/7 21:00,2023/3/7 22:00,571
2023/3/7 22:00,2023/3/7 23:00,537
2023/3/7 23:00,2023/3/8 0:00,549
2023/3/8 0:00,2023/3/8 1:00,563
2023/3/8 1:00,2023/3/8 2:00,576
2023/3/8 2:00,2023/3/8 3:00,617
2023/3/8 3:00,2023/3/8 4:00,674
2023/3/8 4:00,2023/3/8 5:00,749
2023/3/8 5:00,2023/3/8 6:00,768
2023/3/8 6:00,2023/3/8 7:00,756
2023/3/8 7:00,2023/3/8 8:00,669
2023/3/8 8:00,2023/3/8 9:00,499
2023/3/8 9:00,2023/3/8 10:00,411
2023/3/8 10:00,2023/3/8 11:00,404
2023/3/8 11:00,2023/3/8 12:00,428
2023/3/8 12:00,2023/3/8 13:00,462
2023/3/8 13:00,2023/3/8 14:00,486
2023/3/8 14:00,2023/3/8 15:00,501
2023/3/8 15:00,2023/3/8 16:00,595
2023/3/8 16:00,2023/3/8 17:00,727
2023/3/8 17:00,2023/3/8 18:00,811
2023/3/8 18:00,2023/3/8 19:00,804
2023/3/8 19:00,2023/3/8 20:00,782
2023/3/8 20:00,2023/3/8 21:00,766
2023/3/8 21:00,2023/3/8 22:00,687
2023/3/8 22:00,2023/3/8 23:00,583
2023/3/8 23:00,2023/3/9 0:00,485
2023/3/9 0:00,2023/3/9 1:00,386
2023/3/9 1:00,2023/3/9 2:00,320
2023/3/9 2:00,2023/3/9 3:00,277
2023/3/9 3:00,2023/3/9 4:00,286
2023/3/9 4:00,2023/3/9 5:00,315
2023/3/9 5:00,2023/3/9 6:00,408
2023/3/9 6:00,2023/3/9 7:00,530
2023/3/9 7:00,2023/3/9 8:00,564
2023/3/9 8:00,2023/3/9 9:00,440
2023/3/9 9:00,2023/3/9 10:00,358
2023/3/9 10:00,2023/3/9 11:00,399
2023/3/9 11:00,2023/3/9 12:00,487
2023/3/9 12:00,2023/3/9 13:00,606
2023/3/9 13:00,2023/3/9 14:00,686
2023/3/9 14:00,2023/3/9 15:00,748
2023/3/9 15:00,2023/3/9 16:00,803
2023/3/9 16:00,2023/3/9 17:00,918
2023/3/9 17:00,2023/3/9 18:00,1027
2023/3/9 18:00,2023/3/9 19:00,1117
2023/3/9 19:00,2023/3/9 20:00,1168
2023/3/9 20:00,2023/3/9 21:00,1235
2023/3/9 21:00,2023/3/9 22:00,1220
2023/3/9 22:00,2023/3/9 23:00,1199
2023/3/9 23:00,2023/3/10 0:00,1165
2023/3/10 0:00,2023/3/10 1:00,1103
2023/3/10 1:00,2023/3/10 2:00,1048
2023/3/10 2:00,2023/3/10 3:00,1005
2023/3/10 3:00,2023/3/10 4:00,1020
2023/3/10 4:00,2023/3/10 5:00,1023
2023/3/10 5:00,2023/3/10 6:00,1016
2023/3/10 6:00,2023/3/10 7:00,907
2023/3/10 7:00,2023/3/10 8:00,751
2023/3/10 8:00,2023/3/10 9:00,627
2023/3/10 9:00,2023/3/10 10:00,637
2023/3/10 10:00,2023/3/10 11:00,668
2023/3/10 11:00,2023/3/10 12:00,678
2023/3/10 12:00,2023/3/10 13:00,707
2023/3/10 13:00,2023/3/10 14:00,714
2023/3/10 14:00,2023/3/10 15:00,668
2023/3/10 15:00,2023/3/10 16:00,684
2023/3/10 16:00,2023/3/10 17:00,777
2023/3/10 17:00,2023/3/10 18:00,854
2023/3/10 18:00,2023/3/10 19:00,951
2023/3/10 19:00,2023/3/10 20:00,977
2023/3/10 20:00,2023/3/10 21:00,880
2023/3/10 21:00,2023/3/10 22:00,801
2023/3/10 22:00,2023/3/10 23:00,721
2023/3/10 23:00,2023/3/11 0:00,757
2023/3/11 0:00,2023/3/11 1:00,766
2023/3/11 1:00,2023/3/11 2:00,779
2023/3/11 2:00,2023/3/11 3:00,817
2023/3/11 3:00,2023/3/11 4:00,888
2023/3/11 4:00,2023/3/11 5:00,957
2023/3/11 5:00,2023/3/11 6:00,941
2023/3/11 6:00,2023/3/11 7:00,800
2023/3/11 7:00,2023/3/11 8:00,612
2023/3/11 8:00,2023/3/11 9:00,455
2023/3/11 9:00,2023/3/11 10:00,369
2023/3/11 10:00,2023/3/11 11:00,308
2023/3/11 11:00,2023/3/11 12:00,276
2023/3/11 12:00,2023/3/11 13:00,240
2023/3/11 13:00,2023/3/11 14:00,230
2023/3/11 14:00,2023/3/11 15:00,210
2023/3/11 15:00,2023/3/11 16:00,222
2023/3/11 16:00,2023/3/11 17:00,262
2023/3/11 17:00,2023/3/11 18:00,312
2023/3/11 18:00,2023/3/11 19:00,319
2023/3/11 19:00,2023/3/11 20:00,256
2023/3/11 20:00,2023/3/11 21:00,179
2023/3/11 21:00,2023/3/11 22:00,109
2023/3/11 22:00,2023/3/11 23:00,63
2023/3/11 23:00,2023/3/12 0:00,84
2023/3/12 0:00,2023/3/12 1:00,126
2023/3/12 1:00,2023/3/12 2:00,190
2023/3/12 2:00,2023/3/12 3:00,266
2023/3/12 3:00,2023/3/12 4:00,333
2023/3/12 4:00,2023/3/12 5:00,403
2023/3/12 5:00,2023/3/12 6:00,449
2023/3/12 6:00,2023/3/12 7:00,432
2023/3/12 7:00,2023/3/12 8:00,317
2023/3/12 8:00,2023/3/12 9:00,184
2023/3/12 9:00,2023/3/12 10:00,134
2023/3/12 10:00,2023/3/12 11:00,186
2023/3/12 11:00,2023/3/12 12:00,299
2023/3/12 12:00,2023/3/12 13:00,367
2023/3/12 13:00,2023/3/12 14:00,383
2023/3/12 14:00,2023/3/12 15:00,363
2023/3/12 15:00,2023/3/12 16:00,317
2023/3/12 16:00,2023/3/12 17:00,350
2023/3/12 17:00,2023/3/12 18:00,435
2023/3/12 18:00,2023/3/12 19:00,505
2023/3/12 19:00,2023/3/12 20:00,540
2023/3/12 20:00,2023/3/12 21:00,562
2023/3/12 21:00,2023/3/12 22:00,543
2023/3/12 22:00,2023/3/12 23:00,573
2023/3/12 23:00,2023/3/13 0:00,624
2023/3/13 0:00,2023/3/13 1:00,618
2023/3/13 1:00,2023/3/13 2:00,595
2023/3/13 2:00,2023/3/13 3:00,518
2023/3/13 3:00,2023/3/13 4:00,425
2023/3/13 4:00,2023/3/13 5:00,468
2023/3/13 5:00,2023/3/13 6:00,498
2023/3/13 6:00,2023/3/13 7:00,560
2023/3/13 7:00,2023/3/13 8:00,626
2023/3/13 8:00,2023/3/13 9:00,499
2023/3/13 9:00,2023/3/13 10:00,459
2023/3/13 10:00,2023/3/13 11:00,501
2023/3/13 11:00,2023/3/13 12:00,571
2023/3/13 12:00,2023/3/13 13:00,638
2023/3/13 13:00,2023/3/13 14:00,731
2023/3/13 14:00,2023/3/13 15:00,861
2023/3/13 15:00,2023/3/13 16:00,1006
2023/3/13 16:00,2023/3/13 17:00,1169
2023/3/13 17:00,2023/3/13 18:00,1302
2023/3/13 18:00,2023/3/13 19:00,1320
2023/3/13 19:00,2023/3/13 20:00,1319
2023/3/13 20:00,2023/3/13 21:00,1332
2023/3/13 21:00,2023/3/13 22:00,1305
2023/3/13 22:00,2023/3/13 23:00,1256
2023/3/13 23:00,2023/3/14 0:00,1270
2023/3/14 0:00,2023/3/14 1:00,1203
2023/3/14 1:00,2023/3/14 2:00,1135
2023/3/14 2:00,2023/3/14 3:00,1070
2023/3/14 3:00,2023/3/14 4:00,1012
2023/3/14 4:00,2023/3/14 5:00,863
2023/3/14 5:00,2023/3/14 6:00,758
2023/3/14 6:00,2023/3/14 7:00,618
2023/3/14 7:00,2023/3/14 8:00,474
2023/3/14 8:00,2023/3/14 9:00,394
2023/3/14 9:00,2023/3/14 10:00,357
2023/3/14 10:00,2023/3/14 11:00,338
2023/3/14 11:00,2023/3/14 12:00,323
2023/3/14 12:00,2023/3/14 13:00,325
2023/3/14 13:00,2023/3/14 14:00,279
2023/3/14 14:00,2023/3/14 15:00,264
2023/3/14 15:00,2023/3/14 16:00,227
2023/3/14 16:00,2023/3/14 17:00,255
2023/3/14 17:00,2023/3/14 18:00,238
2023/3/14 18:00,2023/3/14 19:00,174
2023/3/14 19:00,2023/3/14 20:00,108
2023/3/14 20:00,2023/3/14 21:00,84
2023/3/14 21:00,2023/3/14 22:00,90
2023/3/14 22:00,2023/3/14 23:00,104
2023/3/14 23:00,2023/3/15 0:00,139
2023/3/15 0:00,2023/3/15 1:00,183
2023/3/15 1:00,2023/3/15 2:00,174
2023/3/15 2:00,2023/3/15 3:00,177
2023/3/15 3:00,2023/3/15 4:00,180
2023/3/15 4:00,2023/3/15 5:00,177
2023/3/15 5:00,2023/3/15 6:00,176
2023/3/15 6:00,2023/3/15 7:00,236
2023/3/15 7:00,2023/3/15 8:00,229
2023/3/15 8:00,2023/3/15 9:00,241
2023/3/15 9:00,2023/3/15 10:00,309
2023/3/15 10:00,2023/3/15 11:00,363
2023/3/15 11:00,2023/3/15 12:00,389
2023/3/15 12:00,2023/3/15 13:00,390
2023/3/15 13:00,2023/3/15 14:00,455
2023/3/15 14:00,2023/3/15 15:00,463
2023/3/15 15:00,2023/3/15 16:00,484
2023/3/15 16:00,2023/3/15 17:00,567
2023/3/15 17:00,2023/3/15 18:00,623
2023/3/15 18:00,2023/3/15 19:00,668
2023/3/15 19:00,2023/3/15 20:00,673
2023/3/15 20:00,2023/3/15 21:00,621
2023/3/15 21:00,2023/3/15 22:00,617
2023/3/15 22:00,2023/3/15 23:00,630
2023/3/15 23:00,2023/3/16 0:00,680
2023/3/16 0:00,2023/3/16 1:00,719
2023/3/16 1:00,2023/3/16 2:00,713
2023/3/16 2:00,2023/3/16 3:00,740
2023/3/16 3:00,2023/3/16 4:00,765
2023/3/16 4:00,2023/3/16 5:00,785
2023/3/16 5:00,2023/3/16 6:00,718
2023/3/16 6:00,2023/3/16 7:00,576
2023/3/16 7:00,2023/3/16 8:00,359
2023/3/16 8:00,2023/3/16 9:00,198
2023/3/16 9:00,2023/3/16 10:00,148
2023/3/16 10:00,2023/3/16 11:00,137
2023/3/16 11:00,2023/3/16 12:00,129
2023/3/16 12:00,2023/3/16 13:00,121
2023/3/16 13:00,2023/3/16 14:00,113
2023/3/16 14:00,2023/3/16 15:00,108
2023/3/16 15:00,2023/3/16 16:00,90
2023/3/16 16:00,2023/3/16 17:00,95
2023/3/16 17:00,2023/3/16 18:00,111
2023/3/16 18:00,2023/3/16 19:00,97
2023/3/16 19:00,2023/3/16 20:00,76
2023/3/16 20:00,2023/3/16 21:00,52
2023/3/16 21:00,2023/3/16 22:00,39
2023/3/16 22:00,2023/3/16 23:00,33
2023/3/16 23:00,2023/3/17 0:00,33
2023/3/17 0:00,2023/3/17 1:00,36
2023/3/17 1:00,2023/3/17 2:00,55
2023/3/17 2:00,2023/3/17 3:00,69
2023/3/17 3:00,2023/3/17 4:00,92
2023/3/17 4:00,2023/3/17 5:00,118
2023/3/17 5:00,2023/3/17 6:00,158
2023/3/17 6:00,2023/3/17 7:00,196
2023/3/17 7:00,2023/3/17 8:00,212
2023/3/17 8:00,2023/3/17 9:00,210
2023/3/17 9:00,2023/3/17 10:00,199
2023/3/17 10:00,2023/3/17 11:00,184
2023/3/17 11:00,2023/3/17 12:00,213
2023/3/17 12:00,2023/3/17 13:00,261
2023/3/17 13:00,2023/3/17 14:00,320
2023/3/17 14:00,2023/3/17 15:00,436
2023/3/17 15:00,2023/3/17 16:00,634
2023/3/17 16:00,2023/3/17 17:00,867
2023/3/17 17:00,2023/3/17 18:00,1098
2023/3/17 18:00,2023/3/17 19:00,1179
2023/3/17 19:00,2023/3/17 20:00,1257
2023/3/17 20:00,2023/3/17 21:00,1268
2023/3/17 21:00,2023/3/17 22:00,1297
2023/3/17 22:00,2023/3/17 23:00,1311
2023/3/17 23:00,2023/3/18 0:00,1320
2023/3/18 0:00,2023/3/18 1:00,1344
2023/3/18 1:00,2023/3/18 2:00,1360
2023/3/18 2:00,2023/3/18 3:00,1367
2023/3/18 3:00,2023/3/18 4:00,1359
2023/3/18 4:00,2023/3/18 5:00,1326
2023/3/18 5:00,2023/3/18 6:00,1289
2023/3/18 6:00,2023/3/18 7:00,1351
2023/3/18 7:00,2023/3/18 8:00,1373
2023/3/18 8:00,2023/3/18 9:00,1374
2023/3/18 9:00,2023/3/18 10:00,1367
2023/3/18 10:00,2023/3/18 11:00,1373
2023/3/18 11:00,2023/3/18 12:00,1370
2023/3/18 12:00,2023/3/18 13:00,1330
2023/3/18 13:00,2023/3/18 14:00,1293
2023/3/18 14:00,2023/3/18 15:00,1265
2023/3/18 15:00,2023/3/18 16:00,1216
2023/3/18 16:00,2023/3/18 17:00,1128
2023/3/18 17:00,2023/3/18 18:00,1005
2023/3/18 18:00,2023/3/18 19:00,915
2023/3/18 19:00,2023/3/18 20:00,862
2023/3/18 20:00,2023/3/18 21:00,768
2023/3/18 21:00,2023/3/18 22:00,708
2023/3/18 22:00,2023/3/18 23:00,645
2023/3/18 23:00,2023/3/19 0:00,499
2023/3/19 0:00,2023/3/19 1:00,370
2023/3/19 1:00,2023/3/19 2:00,307
2023/3/19 2:00,2023/3/19 3:00,259
2023/3/19 3:00,2023/3/19 4:00,214
2023/3/19 4:00,2023/3/19 5:00,211
2023/3/19 5:00,2023/3/19 6:00,167
2023/3/19 6:00,2023/3/19 7:00,94
2023/3/19 7:00,2023/3/19 8:00,44
2023/3/19 8:00,2023/3/19 9:00,16
2023/3/19 9:00,2023/3/19 10:00,6
2023/3/19 10:00,2023/3/19 11:00,2
2023/3/19 11:00,2023/3/19 12:00,1
2023/3/19 12:00,2023/3/19 13:00,1
2023/3/19 13:00,2023/3/19 14:00,5
2023/3/19 14:00,2023/3/19 15:00,15
2023/3/19 15:00,2023/3/19 16:00,44
2023/3/19 16:00,2023/3/19 17:00,146
2023/3/19 17:00,2023/3/19 18:00,405
2023/3/19 18:00,2023/3/19 19:00,705
2023/3/19 19:00,2023/3/19 20:00,846
2023/3/19 20:00,2023/3/19 21:00,924
2023/3/19 21:00,2023/3/19 22:00,979
2023/3/19 22:00,2023/3/19 23:00,1012
2023/3/19 23:00,2023/3/20 0:00,1074
2023/3/20 0:00,2023/3/20 1:00,1155
2023/3/20 1:00,2023/3/20 2:00,1150
2023/3/20 2:00,2023/3/20 3:00,1044
2023/3/20 3:00,2023/3/20 4:00,900
2023/3/20 4:00,2023/3/20 5:00,791
2023/3/20 5:00,2023/3/20 6:00,733
2023/3/20 6:00,2023/3/20 7:00,623
2023/3/20 7:00,2023/3/20 8:00,500
2023/3/20 8:00,2023/3/20 9:00,408
2023/3/20 9:00,2023/3/20 10:00,329
2023/3/20 10:00,2023/3/20 11:00,281
2023/3/20 11:00,2023/3/20 12:00,256
2023/3/20 12:00,2023/3/20 13:00,257
2023/3/20 13:00,2023/3/20 14:00,244
2023/3/20 14:00,2023/3/20 15:00,228
2023/3/20 15:00,2023/3/20 16:00,220
2023/3/20 16:00,2023/3/20 17:00,242
2023/3/20 17:00,2023/3/20 18:00,286
2023/3/20 18:00,2023/3/20 19:00,282
2023/3/20 19:00,2023/3/20 20:00,255
2023/3/20 20:00,2023/3/20 21:00,183
2023/3/20 21:00,2023/3/20 22:00,145
2023/3/20 22:00,2023/3/20 23:00,165
2023/3/20 23:00,2023/3/21 0:00,248
2023/3/21 0:00,2023/3/21 1:00,384
2023/3/21 1:00,2023/3/21 2:00,577
2023/3/21 2:00,2023/3/21 3:00,686
2023/3/21 3:00,2023/3/21 4:00,772
2023/3/21 4:00,2023/3/21 5:00,733
2023/3/21 5:00,2023/3/21 6:00,678
2023/3/21 6:00,2023/3/21 7:00,582
2023/3/21 7:00,2023/3/21 8:00,451
2023/3/21 8:00,2023/3/21 9:00,454
2023/3/21 9:00,2023/3/21 10:00,547
2023/3/21 10:00,2023/3/21 11:00,627
2023/3/21 11:00,2023/3/21 12:00,783
2023/3/21 12:00,2023/3/21 13:00,863
2023/3/21 13:00,2023/3/21 14:00,884
2023/3/21 14:00,2023/3/21 15:00,856
2023/3/21 15:00,2023/3/21 16:00,770
2023/3/21 16:00,2023/3/21 17:00,768
2023/3/21 17:00,2023/3/21 18:00,814
2023/3/21 18:00,2023/3/21 19:00,806
2023/3/21 19:00,2023/3/21 20:00,778
2023/3/21 20:00,2023/3/21 21:00,662
2023/3/21 21:00,2023/3/21 22:00,532
2023/3/21 22:00,2023/3/21 23:00,426
2023/3/21 23:00,2023/3/22 0:00,337
2023/3/22 0:00,2023/3/22 1:00,298
2023/3/22 1:00,2023/3/22 2:00,229
2023/3/22 2:00,2023/3/22 3:00,208
2023/3/22 3:00,2023/3/22 4:00,222
2023/3/22 4:00,2023/3/22 5:00,230
2023/3/22 5:00,2023/3/22 6:00,198
2023/3/22 6:00,2023/3/22 7:00,197
2023/3/22 7:00,2023/3/22 8:00,191
2023/3/22 8:00,2023/3/22 9:00,200
2023/3/22 9:00,2023/3/22 10:00,231
2023/3/22 10:00,2023/3/22 11:00,264
2023/3/22 11:00,2023/3/22 12:00,297
2023/3/22 12:00,2023/3/22 13:00,336
2023/3/22 13:00,2023/3/22 14:00,408
2023/3/22 14:00,2023/3/22 15:00,486
2023/3/22 15:00,2023/3/22 16:00,563
2023/3/22 16:00,2023/3/22 17:00,606
2023/3/22 17:00,2023/3/22 18:00,629
2023/3/22 18:00,2023/3/22 19:00,606
2023/3/22 19:00,2023/3/22 20:00,603
2023/3/22 20:00,2023/3/22 21:00,596
2023/3/22 21:00,2023/3/22 22:00,592
2023/3/22 22:00,2023/3/22 23:00,608
2023/3/22 23:00,2023/3/23 0:00,695
2023/3/23 0:00,2023/3/23 1:00,807
2023/3/23 1:00,2023/3/23 2:00,951
2023/3/23 2:00,2023/3/23 3:00,1038
2023/3/23 3:00,2023/3/23 4:00,1120
2023/3/23 4:00,2023/3/23 5:00,1192
2023/3/23 5:00,2023/3/23 6:00,1176
2023/3/23 6:00,2023/3/23 7:00,1108
2023/3/23 7:00,2023/3/23 8:00,999
2023/3/23 8:00,2023/3/23 9:00,858
2023/3/23 9:00,2023/3/23 10:00,735
2023/3/23 10:00,2023/3/23 11:00,613
2023/3/23 11:00,2023/3/23 12:00,529
2023/3/23 12:00,2023/3/23 13:00,437
2023/3/23 13:00,2023/3/23 14:00,332
2023/3/23 14:00,2023/3/23 15:00,250
2023/3/23 15:00,2023/3/23 16:00,186
2023/3/23 16:00,2023/3/23 17:00,140
2023/3/23 17:00,2023/3/23 18:00,119
2023/3/23 18:00,2023/3/23 19:00,127
2023/3/23 19:00,2023/3/23 20:00,127
2023/3/23 20:00,2023/3/23 21:00,119
2023/3/23 21:00,2023/3/23 22:00,125
2023/3/23 22:00,2023/3/23 23:00,170
2023/3/23 23:00,2023/3/24 0:00,205
2023/3/24 0:00,2023/3/24 1:00,276
2023/3/24 1:00,2023/3/24 2:00,303
2023/3/24 2:00,2023/3/24 3:00,312
2023/3/24 3:00,2023/3/24 4:00,333
2023/3/24 4:00,2023/3/24 5:00,356
2023/3/24 5:00,2023/3/24 6:00,437
2023/3/24 6:00,2023/3/24 7:00,446
2023/3/24 7:00,2023/3/24 8:00,441
2023/3/24 8:00,2023/3/24 9:00,411
2023/3/24 9:00,2023/3/24 10:00,359
2023/3/24 10:00,2023/3/24 11:00,318
2023/3/24 11:00,2023/3/24 12:00,234
2023/3/24 12:00,2023/3/24 13:00,186
2023/3/24 13:00,2023/3/24 14:00,150
2023/3/24 14:00,2023/3/24 15:00,136
2023/3/24 15:00,2023/3/24 16:00,139
2023/3/24 16:00,2023/3/24 17:00,133
2023/3/24 17:00,2023/3/24 18:00,163
2023/3/24 18:00,2023/3/24 19:00,191
2023/3/24 19:00,2023/3/24 20:00,208
2023/3/24 20:00,2023/3/24 21:00,257
2023/3/24 21:00,2023/3/24 22:00,335
2023/3/24 22:00,2023/3/24 23:00,407
2023/3/24 23:00,2023/3/25 0:00,464
2023/3/25 0:00,2023/3/25 1:00,585
2023/3/25 1:00,2023/3/25 2:00,732
2023/3/25 2:00,2023/3/25 3:00,834
2023/3/25 3:00,2023/3/25 4:00,847
2023/3/25 4:00,2023/3/25 5:00,870
2023/3/25 5:00,2023/3/25 6:00,832
2023/3/25 6:00,2023/3/25 7:00,631
2023/3/25 7:00,2023/3/25 8:00,437
2023/3/25 8:00,2023/3/25 9:00,386
2023/3/25 9:00,2023/3/25 10:00,410
2023/3/25 10:00,2023/3/25 11:00,443
2023/3/25 11:00,2023/3/25 12:00,410
2023/3/25 12:00,2023/3/25 13:00,374
2023/3/25 13:00,2023/3/25 14:00,354
2023/3/25 14:00,2023/3/25 15:00,338
2023/3/25 15:00,2023/3/25 16:00,308
2023/3/25 16:00,2023/3/25 17:00,317
2023/3/25 17:00,2023/3/25 18:00,411
2023/3/25 18:00,2023/3/25 19:00,513
2023/3/25 19:00,2023/3/25 20:00,565
2023/3/25 20:00,2023/3/25 21:00,580
2023/3/25 21:00,2023/3/25 22:00,550
2023/3/25 22:00,2023/3/25 23:00,527
2023/3/25 23:00,2023/3/26 0:00,500
2023/3/26 0:00,2023/3/26 1:00,450
2023/3/26 1:00,2023/3/26 2:00,423
2023/3/26 2:00,2023/3/26 3:00,389
2023/3/26 3:00,2023/3/26 4:00,381
2023/3/26 4:00,2023/3/26 5:00,397
2023/3/26 5:00,2023/3/26 6:00,431
2023/3/26 6:00,2023/3/26 7:00,392
2023/3/26 7:00,2023/3/26 8:00,312
2023/3/26 8:00,2023/3/26 9:00,267
2023/3/26 9:00,2023/3/26 10:00,257
2023/3/26 10:00,2023/3/26 11:00,249
2023/3/26 11:00,2023/3/26 12:00,278
2023/3/26 12:00,2023/3/26 13:00,342
2023/3/26 13:00,2023/3/26 14:00,394
2023/3/26 14:00,2023/3/26 15:00,432
2023/3/26 15:00,2023/3/26 16:00,446
2023/3/26 16:00,2023/3/26 17:00,500
2023/3/26 17:00,2023/3/26 18:00,707
2023/3/26 18:00,2023/3/26 19:00,939
2023/3/26 19:00,2023/3/26 20:00,1096
2023/3/26 20:00,2023/3/26 21:00,1140
2023/3/26 21:00,2023/3/26 22:00,1123
2023/3/26 22:00,2023/3/26 23:00,1126
2023/3/26 23:00,2023/3/27 0:00,1101
2023/3/27 0:00,2023/3/27 1:00,1058
2023/3/27 1:00,2023/3/27 2:00,1074
2023/3/27 2:00,2023/3/27 3:00,1089
2023/3/27 3:00,2023/3/27 4:00,1109
2023/3/27 4:00,2023/3/27 5:00,1086
2023/3/27 5:00,2023/3/27 6:00,1030
2023/3/27 6:00,2023/3/27 7:00,906
2023/3/27 7:00,2023/3/27 8:00,710
2023/3/27 8:00,2023/3/27 9:00,624
2023/3/27 9:00,2023/3/27 10:00,704
2023/3/27 10:00,2023/3/27 11:00,793
2023/3/27 11:00,2023/3/27 12:00,846
2023/3/27 12:00,2023/3/27 13:00,883
2023/3/27 13:00,2023/3/27 14:00,929
2023/3/27 14:00,2023/3/27 15:00,960
2023/3/27 15:00,2023/3/27 16:00,965
2023/3/27 16:00,2023/3/27 17:00,1025
2023/3/27 17:00,2023/3/27 18:00,1172
2023/3/27 18:00,2023/3/27 19:00,1299
2023/3/27 19:00,2023/3/27 20:00,1313
2023/3/27 20:00,2023/3/27 21:00,1308
2023/3/27 21:00,2023/3/27 22:00,1300
2023/3/27 22:00,2023/3/27 23:00,1252
2023/3/27 23:00,2023/3/28 0:00,1219
2023/3/28 0:00,2023/3/28 1:00,1170
2023/3/28 1:00,2023/3/28 2:00,1122
2023/3/28 2:00,2023/3/28 3:00,1105
2023/3/28 3:00,2023/3/28 4:00,1072
2023/3/28 4:00,2023/3/28 5:00,1062
2023/3/28 5:00,2023/3/28 6:00,978
2023/3/28 6:00,2023/3/28 7:00,811
2023/3/28 7:00,2023/3/28 8:00,637
2023/3/28 8:00,2023/3/28 9:00,579
2023/3/28 9:00,2023/3/28 10:00,612
2023/3/28 10:00,2023/3/28 11:00,670
2023/3/28 11:00,2023/3/28 12:00,708
2023/3/28 12:00,2023/3/28 13:00,727
2023/3/28 13:00,2023/3/28 14:00,756
2023/3/28 14:00,2023/3/28 15:00,688
2023/3/28 15:00,2023/3/28 16:00,593
2023/3/28 16:00,2023/3/28 17:00,582
2023/3/28 17:00,2023/3/28 18:00,562
2023/3/28 18:00,2023/3/28 19:00,599
2023/3/28 19:00,2023/3/28 20:00,581
2023/3/28 20:00,2023/3/28 21:00,507
2023/3/28 21:00,2023/3/28 22:00,463
2023/3/28 22:00,2023/3/28 23:00,427
2023/3/28 23:00,2023/3/29 0:00,372
2023/3/29 0:00,2023/3/29 1:00,321
2023/3/29 1:00,2023/3/29 2:00,270
2023/3/29 2:00,2023/3/29 3:00,257
2023/3/29 3:00,2023/3/29 4:00,260
2023/3/29 4:00,2023/3/29 5:00,269
2023/3/29 5:00,2023/3/29 6:00,230
2023/3/29 6:00,2023/3/29 7:00,167
2023/3/29 7:00,2023/3/29 8:00,127
2023/3/29 8:00,2023/3/29 9:00,134
2023/3/29 9:00,2023/3/29 10:00,155
2023/3/29 10:00,2023/3/29 11:00,186
2023/3/29 11:00,2023/3/29 12:00,225
2023/3/29 12:00,2023/3/29 13:00,263
2023/3/29 13:00,2023/3/29 14:00,253
2023/3/29 14:00,2023/3/29 15:00,241
2023/3/29 15:00,2023/3/29 16:00,213
2023/3/29 16:00,2023/3/29 17:00,204
2023/3/29 17:00,2023/3/29 18:00,250
2023/3/29 18:00,2023/3/29 19:00,298
2023/3/29 19:00,2023/3/29 20:00,355
2023/3/29 20:00,2023/3/29 21:00,444
2023/3/29 21:00,2023/3/29 22:00,429
2023/3/29 22:00,2023/3/29 23:00,364
2023/3/29 23:00,2023/3/30 0:00,306
2023/3/30 0:00,2023/3/30 1:00,267
2023/3/30 1:00,2023/3/30 2:00,241
2023/3/30 2:00,2023/3/30 3:00,245
2023/3/30 3:00,2023/3/30 4:00,276
2023/3/30 4:00,2023/3/30 5:00,320
2023/3/30 5:00,2023/3/30 6:00,342
2023/3/30 6:00,2023/3/30 7:00,311
2023/3/30 7:00,2023/3/30 8:00,234
2023/3/30 8:00,2023/3/30 9:00,275
2023/3/30 9:00,2023/3/30 10:00,397
2023/3/30 10:00,2023/3/30 11:00,454
2023/3/30 11:00,2023/3/30 12:00,516
2023/3/30 12:00,2023/3/30 13:00,634
2023/3/30 13:00,2023/3/30 14:00,649
2023/3/30 14:00,2023/3/30 15:00,637
2023/3/30 15:00,2023/3/30 16:00,674
2023/3/30 16:00,2023/3/30 17:00,645
2023/3/30 17:00,2023/3/30 18:00,744
2023/3/30 18:00,2023/3/30 19:00,924
2023/3/30 19:00,2023/3/30 20:00,1065
2023/3/30 20:00,2023/3/30 21:00,1116
2023/3/30 21:00,2023/3/30 22:00,1123
2023/3/30 22:00,2023/3/30 23:00,1116
2023/3/30 23:00,2023/3/31 0:00,1120
2023/3/31 0:00,2023/3/31 1:00,1131
2023/3/31 1:00,2023/3/31 2:00,1122
2023/3/31 2:00,2023/3/31 3:00,1122
2023/3/31 3:00,2023/3/31 4:00,1114
2023/3/31 4:00,2023/3/31 5:00,1069
2023/3/31 5:00,2023/3/31 6:00,898
2023/3/31 6:00,2023/3/31 7:00,641
2023/3/31 7:00,2023/3/31 8:00,509
2023/3/31 8:00,2023/3/31 9:00,479
2023/3/31 9:00,2023/3/31 10:00,469
2023/3/31 10:00,2023/3/31 11:00,480
2023/3/31 11:00,2023/3/31 12:00,462
2023/3/31 12:00,2023/3/31 13:00,399
2023/3/31 13:00,2023/3/31 14:00,397
2023/3/31 14:00,2023/3/31 15:00,373
2023/3/31 15:00,2023/3/31 16:00,368
2023/3/31 16:00,2023/3/31 17:00,348
2023/3/31 17:00,2023/3/31 18:00,361
2023/3/31 18:00,2023/3/31 19:00,393
2023/3/31 19:00,2023/3/31 20:00,402
2023/3/31 20:00,2023/3/31 21:00,507
2023/3/31 21:00,2023/3/31 22:00,686
2023/3/31 22:00,2023/3/31 23:00,805
2023/3/31 23:00,2023/4/1 0:00,858
2023/4/1 0:00,2023/4/1 1:00,927
2023/4/1 1:00,2023/4/1 2:00,1026
2023/4/1 2:00,2023/4/1 3:00,1109
2023/4/1 3:00,2023/4/1 4:00,1197
2023/4/1 4:00,2023/4/1 5:00,1186
2023/4/1 5:00,2023/4/1 6:00,968
2023/4/1 6:00,2023/4/1 7:00,510
2023/4/1 7:00,2023/4/1 8:00,290
2023/4/1 8:00,2023/4/1 9:00,259
2023/4/1 9:00,2023/4/1 10:00,343
2023/4/1 10:00,2023/4/1 11:00,429
2023/4/1 11:00,2023/4/1 12:00,452
2023/4/1 12:00,2023/4/1 13:00,455
2023/4/1 13:00,2023/4/1 14:00,446
2023/4/1 14:00,2023/4/1 15:00,423
2023/4/1 15:00,2023/4/1 16:00,420
2023/4/1 16:00,2023/4/1 17:00,402
2023/4/1 17:00,2023/4/1 18:00,474
2023/4/1 18:00,2023/4/1 19:00,542
2023/4/1 19:00,2023/4/1 20:00,683
2023/4/1 20:00,2023/4/1 21:00,830
2023/4/1 21:00,2023/4/1 22:00,911
2023/4/1 22:00,2023/4/1 23:00,1011
2023/4/1 23:00,2023/4/2 0:00,1070
2023/4/2 0:00,2023/4/2 1:00,1086
2023/4/2 1:00,2023/4/2 2:00,1130
2023/4/2 2:00,2023/4/2 3:00,1120
2023/4/2 3:00,2023/4/2 4:00,1131
2023/4/2 4:00,2023/4/2 5:00,1065
2023/4/2 5:00,2023/4/2 6:00,841
2023/4/2 6:00,2023/4/2 7:00,518
2023/4/2 7:00,2023/4/2 8:00,370
2023/4/2 8:00,2023/4/2 9:00,437
2023/4/2 9:00,2023/4/2 10:00,511
2023/4/2 10:00,2023/4/2 11:00,524
2023/4/2 11:00,2023/4/2 12:00,610
2023/4/2 12:00,2023/4/2 13:00,668
2023/4/2 13:00,2023/4/2 14:00,687
2023/4/2 14:00,2023/4/2 15:00,646
2023/4/2 15:00,2023/4/2 16:00,568
2023/4/2 16:00,2023/4/2 17:00,498
2023/4/2 17:00,2023/4/2 18:00,525
2023/4/2 18:00,2023/4/2 19:00,627
2023/4/2 19:00,2023/4/2 20:00,667
2023/4/2 20:00,2023/4/2 21:00,638
2023/4/2 21:00,2023/4/2 22:00,582
2023/4/2 22:00,2023/4/2 23:00,508
2023/4/2 23:00,2023/4/3 0:00,433
2023/4/3 0:00,2023/4/3 1:00,363
2023/4/3 1:00,2023/4/3 2:00,302
2023/4/3 2:00,2023/4/3 3:00,228
2023/4/3 3:00,2023/4/3 4:00,186
2023/4/3 4:00,2023/4/3 5:00,153
2023/4/3 5:00,2023/4/3 6:00,109
2023/4/3 6:00,2023/4/3 7:00,75
2023/4/3 7:00,2023/4/3 8:00,45
2023/4/3 8:00,2023/4/3 9:00,54
2023/4/3 9:00,2023/4/3 10:00,80
2023/4/3 10:00,2023/4/3 11:00,75
2023/4/3 11:00,2023/4/3 12:00,71
2023/4/3 12:00,2023/4/3 13:00,82
2023/4/3 13:00,2023/4/3 14:00,85
2023/4/3 14:00,2023/4/3 15:00,75
2023/4/3 15:00,2023/4/3 16:00,67
2023/4/3 16:00,2023/4/3 17:00,72
2023/4/3 17:00,2023/4/3 18:00,93
2023/4/3 18:00,2023/4/3 19:00,103
2023/4/3 19:00,2023/4/3 20:00,103
2023/4/3 20:00,2023/4/3 21:00,116
2023/4/3 21:00,2023/4/3 22:00,125
2023/4/3 22:00,2023/4/3 23:00,128
2023/4/3 23:00,2023/4/4 0:00,122
2023/4/4 0:00,2023/4/4 1:00,124
2023/4/4 1:00,2023/4/4 2:00,131
2023/4/4 2:00,2023/4/4 3:00,137
2023/4/4 3:00,2023/4/4 4:00,141
2023/4/4 4:00,2023/4/4 5:00,144
2023/4/4 5:00,2023/4/4 6:00,131
2023/4/4 6:00,2023/4/4 7:00,96
2023/4/4 7:00,2023/4/4 8:00,58
2023/4/4 8:00,2023/4/4 9:00,34
2023/4/4 9:00,2023/4/4 10:00,27
2023/4/4 10:00,2023/4/4 11:00,22
2023/4/4 11:00,2023/4/4 12:00,24
2023/4/4 12:00,2023/4/4 13:00,39
2023/4/4 13:00,2023/4/4 14:00,44
2023/4/4 14:00,2023/4/4 15:00,48
2023/4/4 15:00,2023/4/4 16:00,51
2023/4/4 16:00,2023/4/4 17:00,54
2023/4/4 17:00,2023/4/4 18:00,81
2023/4/4 18:00,2023/4/4 19:00,108
2023/4/4 19:00,2023/4/4 20:00,130
2023/4/4 20:00,2023/4/4 21:00,155
2023/4/4 21:00,2023/4/4 22:00,185
2023/4/4 22:00,2023/4/4 23:00,184
2023/4/4 23:00,2023/4/5 0:00,148
2023/4/5 0:00,2023/4/5 1:00,129
2023/4/5 1:00,2023/4/5 2:00,129
2023/4/5 2:00,2023/4/5 3:00,144
2023/4/5 3:00,2023/4/5 4:00,160
2023/4/5 4:00,2023/4/5 5:00,195
2023/4/5 5:00,2023/4/5 6:00,217
2023/4/5 6:00,2023/4/5 7:00,180
2023/4/5 7:00,2023/4/5 8:00,102
2023/4/5 8:00,2023/4/5 9:00,99
2023/4/5 9:00,2023/4/5 10:00,102
2023/4/5 10:00,2023/4/5 11:00,111
2023/4/5 11:00,2023/4/5 12:00,128
2023/4/5 12:00,2023/4/5 13:00,124
2023/4/5 13:00,2023/4/5 14:00,121
2023/4/5 14:00,2023/4/5 15:00,117
2023/4/5 15:00,2023/4/5 16:00,122
2023/4/5 16:00,2023/4/5 17:00,147
2023/4/5 17:00,2023/4/5 18:00,237
2023/4/5 18:00,2023/4/5 19:00,421
2023/4/5 19:00,2023/4/5 20:00,587
2023/4/5 20:00,2023/4/5 21:00,655
2023/4/5 21:00,2023/4/5 22:00,617
2023/4/5 22:00,2023/4/5 23:00,528
2023/4/5 23:00,2023/4/6 0:00,503
2023/4/6 0:00,2023/4/6 1:00,480
2023/4/6 1:00,2023/4/6 2:00,419
2023/4/6 2:00,2023/4/6 3:00,336
2023/4/6 3:00,2023/4/6 4:00,279
2023/4/6 4:00,2023/4/6 5:00,249
2023/4/6 5:00,2023/4/6 6:00,238
2023/4/6 6:00,2023/4/6 7:00,200
2023/4/6 7:00,2023/4/6 8:00,98
2023/4/6 8:00,2023/4/6 9:00,121
2023/4/6 9:00,2023/4/6 10:00,180
2023/4/6 10:00,2023/4/6 11:00,201
2023/4/6 11:00,2023/4/6 12:00,192
2023/4/6 12:00,2023/4/6 13:00,171
2023/4/6 13:00,2023/4/6 14:00,161
2023/4/6 14:00,2023/4/6 15:00,175
2023/4/6 15:00,2023/4/6 16:00,228
2023/4/6 16:00,2023/4/6 17:00,352
2023/4/6 17:00,2023/4/6 18:00,605
2023/4/6 18:00,2023/4/6 19:00,908
2023/4/6 19:00,2023/4/6 20:00,1119
2023/4/6 20:00,2023/4/6 21:00,1268
2023/4/6 21:00,2023/4/6 22:00,1245
2023/4/6 22:00,2023/4/6 23:00,1184
2023/4/6 23:00,2023/4/7 0:00,1141
2023/4/7 0:00,2023/4/7 1:00,1125
2023/4/7 1:00,2023/4/7 2:00,1092
2023/4/7 2:00,2023/4/7 3:00,1062
2023/4/7 3:00,2023/4/7 4:00,976
2023/4/7 4:00,2023/4/7 5:00,843
2023/4/7 5:00,2023/4/7 6:00,580
2023/4/7 6:00,2023/4/7 7:00,268
2023/4/7 7:00,2023/4/7 8:00,150
2023/4/7 8:00,2023/4/7 9:00,184
2023/4/7 9:00,2023/4/7 10:00,288
2023/4/7 10:00,2023/4/7 11:00,349
2023/4/7 11:00,2023/4/7 12:00,380
2023/4/7 12:00,2023/4/7 13:00,398
2023/4/7 13:00,2023/4/7 14:00,349
2023/4/7 14:00,2023/4/7 15:00,343
2023/4/7 15:00,2023/4/7 16:00,391
2023/4/7 16:00,2023/4/7 17:00,395
2023/4/7 17:00,2023/4/7 18:00,429
2023/4/7 18:00,2023/4/7 19:00,438
2023/4/7 19:00,2023/4/7 20:00,453
2023/4/7 20:00,2023/4/7 21:00,475
2023/4/7 21:00,2023/4/7 22:00,457
2023/4/7 22:00,2023/4/7 23:00,433
2023/4/7 23:00,2023/4/8 0:00,347
2023/4/8 0:00,2023/4/8 1:00,321
2023/4/8 1:00,2023/4/8 2:00,261
2023/4/8 2:00,2023/4/8 3:00,209
2023/4/8 3:00,2023/4/8 4:00,187
2023/4/8 4:00,2023/4/8 5:00,162
2023/4/8 5:00,2023/4/8 6:00,203
2023/4/8 6:00,2023/4/8 7:00,177
2023/4/8 7:00,2023/4/8 8:00,100
2023/4/8 8:00,2023/4/8 9:00,88
2023/4/8 9:00,2023/4/8 10:00,90
2023/4/8 10:00,2023/4/8 11:00,83
2023/4/8 11:00,2023/4/8 12:00,85
2023/4/8 12:00,2023/4/8 13:00,88
2023/4/8 13:00,2023/4/8 14:00,88
2023/4/8 14:00,2023/4/8 15:00,72
2023/4/8 15:00,2023/4/8 16:00,58
2023/4/8 16:00,2023/4/8 17:00,59
2023/4/8 17:00,2023/4/8 18:00,97
2023/4/8 18:00,2023/4/8 19:00,127
2023/4/8 19:00,2023/4/8 20:00,147
2023/4/8 20:00,2023/4/8 21:00,161
2023/4/8 21:00,2023/4/8 22:00,175
2023/4/8 22:00,2023/4/8 23:00,185
2023/4/8 23:00,2023/4/9 0:00,196
2023/4/9 0:00,2023/4/9 1:00,223
2023/4/9 1:00,2023/4/9 2:00,242
2023/4/9 2:00,2023/4/9 3:00,286
2023/4/9 3:00,2023/4/9 4:00,307
2023/4/9 4:00,2023/4/9 5:00,315
2023/4/9 5:00,2023/4/9 6:00,252
2023/4/9 6:00,2023/4/9 7:00,125
2023/4/9 7:00,2023/4/9 8:00,42
2023/4/9 8:00,2023/4/9 9:00,42
2023/4/9 9:00,2023/4/9 10:00,80
2023/4/9 10:00,2023/4/9 11:00,101
2023/4/9 11:00,2023/4/9 12:00,112
2023/4/9 12:00,2023/4/9 13:00,113
2023/4/9 13:00,2023/4/9 14:00,122
2023/4/9 14:00,2023/4/9 15:00,131
2023/4/9 15:00,2023/4/9 16:00,132
2023/4/9 16:00,2023/4/9 17:00,160
2023/4/9 17:00,2023/4/9 18:00,295
2023/4/9 18:00,2023/4/9 19:00,482
2023/4/9 19:00,2023/4/9 20:00,639
2023/4/9 20:00,2023/4/9 21:00,691
2023/4/9 21:00,2023/4/9 22:00,690
2023/4/9 22:00,2023/4/9 23:00,652
2023/4/9 23:00,2023/4/10 0:00,587
2023/4/10 0:00,2023/4/10 1:00,544
2023/4/10 1:00,2023/4/10 2:00,507
2023/4/10 2:00,2023/4/10 3:00,460
2023/4/10 3:00,2023/4/10 4:00,340
2023/4/10 4:00,2023/4/10 5:00,220
2023/4/10 5:00,2023/4/10 6:00,127
2023/4/10 6:00,2023/4/10 7:00,40
2023/4/10 7:00,2023/4/10 8:00,10
2023/4/10 8:00,2023/4/10 9:00,12
2023/4/10 9:00,2023/4/10 10:00,42
2023/4/10 10:00,2023/4/10 11:00,68
2023/4/10 11:00,2023/4/10 12:00,81
2023/4/10 12:00,2023/4/10 13:00,74
2023/4/10 13:00,2023/4/10 14:00,69
2023/4/10 14:00,2023/4/10 15:00,47
2023/4/10 15:00,2023/4/10 16:00,33
2023/4/10 16:00,2023/4/10 17:00,22
2023/4/10 17:00,2023/4/10 18:00,78
2023/4/10 18:00,2023/4/10 19:00,150
2023/4/10 19:00,2023/4/10 20:00,145
2023/4/10 20:00,2023/4/10 21:00,138
2023/4/10 21:00,2023/4/10 22:00,127
2023/4/10 22:00,2023/4/10 23:00,137
2023/4/10 23:00,2023/4/11 0:00,154
2023/4/11 0:00,2023/4/11 1:00,186
2023/4/11 1:00,2023/4/11 2:00,202
2023/4/11 2:00,2023/4/11 3:00,222
2023/4/11 3:00,2023/4/11 4:00,203
2023/4/11 4:00,2023/4/11 5:00,176
2023/4/11 5:00,2023/4/11 6:00,139
2023/4/11 6:00,2023/4/11 7:00,82
2023/4/11 7:00,2023/4/11 8:00,37
2023/4/11 8:00,2023/4/11 9:00,24
2023/4/11 9:00,2023/4/11 10:00,34
2023/4/11 10:00,2023/4/11 11:00,54
2023/4/11 11:00,2023/4/11 12:00,71
2023/4/11 12:00,2023/4/11 13:00,72
2023/4/11 13:00,2023/4/11 14:00,72
2023/4/11 14:00,2023/4/11 15:00,85
2023/4/11 15:00,2023/4/11 16:00,101
2023/4/11 16:00,2023/4/11 17:00,148
2023/4/11 17:00,2023/4/11 18:00,245
2023/4/11 18:00,2023/4/11 19:00,372
2023/4/11 19:00,2023/4/11 20:00,450
2023/4/11 20:00,2023/4/11 21:00,447
2023/4/11 21:00,2023/4/11 22:00,402
2023/4/11 22:00,2023/4/11 23:00,315
2023/4/11 23:00,2023/4/12 0:00,242
2023/4/12 0:00,2023/4/12 1:00,164
2023/4/12 1:00,2023/4/12 2:00,113
2023/4/12 2:00,2023/4/12 3:00,101
2023/4/12 3:00,2023/4/12 4:00,95
2023/4/12 4:00,2023/4/12 5:00,99
2023/4/12 5:00,2023/4/12 6:00,99
2023/4/12 6:00,2023/4/12 7:00,93
2023/4/12 7:00,2023/4/12 8:00,83
2023/4/12 8:00,2023/4/12 9:00,78
2023/4/12 9:00,2023/4/12 10:00,89
2023/4/12 10:00,2023/4/12 11:00,108
2023/4/12 11:00,2023/4/12 12:00,137
2023/4/12 12:00,2023/4/12 13:00,156
2023/4/12 13:00,2023/4/12 14:00,204
2023/4/12 14:00,2023/4/12 15:00,282
2023/4/12 15:00,2023/4/12 16:00,381
2023/4/12 16:00,2023/4/12 17:00,556
2023/4/12 17:00,2023/4/12 18:00,804
2023/4/12 18:00,2023/4/12 19:00,999
2023/4/12 19:00,2023/4/12 20:00,1079
2023/4/12 20:00,2023/4/12 21:00,1104
2023/4/12 21:00,2023/4/12 22:00,1200
2023/4/12 22:00,2023/4/12 23:00,1217
2023/4/12 23:00,2023/4/13 0:00,1227
2023/4/13 0:00,2023/4/13 1:00,1232
2023/4/13 1:00,2023/4/13 2:00,1315
2023/4/13 2:00,2023/4/13 3:00,1317
2023/4/13 3:00,2023/4/13 4:00,1330
2023/4/13 4:00,2023/4/13 5:00,1277
2023/4/13 5:00,2023/4/13 6:00,1111
2023/4/13 6:00,2023/4/13 7:00,956
2023/4/13 7:00,2023/4/13 8:00,880
2023/4/13 8:00,2023/4/13 9:00,853
2023/4/13 9:00,2023/4/13 10:00,895
2023/4/13 10:00,2023/4/13 11:00,954
2023/4/13 11:00,2023/4/13 12:00,989
2023/4/13 12:00,2023/4/13 13:00,1020
2023/4/13 13:00,2023/4/13 14:00,1036
2023/4/13 14:00,2023/4/13 15:00,1025
2023/4/13 15:00,2023/4/13 16:00,1062
2023/4/13 16:00,2023/4/13 17:00,1088
2023/4/13 17:00,2023/4/13 18:00,1158
2023/4/13 18:00,2023/4/13 19:00,1307
2023/4/13 19:00,2023/4/13 20:00,1368
2023/4/13 20:00,2023/4/13 21:00,1386
2023/4/13 21:00,2023/4/13 22:00,1373
2023/4/13 22:00,2023/4/13 23:00,1334
2023/4/13 23:00,2023/4/14 0:00,1255
2023/4/14 0:00,2023/4/14 1:00,1230
2023/4/14 1:00,2023/4/14 2:00,1228
2023/4/14 2:00,2023/4/14 3:00,1209
2023/4/14 3:00,2023/4/14 4:00,1167
2023/4/14 4:00,2023/4/14 5:00,1004
2023/4/14 5:00,2023/4/14 6:00,702
2023/4/14 6:00,2023/4/14 7:00,510
2023/4/14 7:00,2023/4/14 8:00,483
2023/4/14 8:00,2023/4/14 9:00,546
2023/4/14 9:00,2023/4/14 10:00,590
2023/4/14 10:00,2023/4/14 11:00,590
2023/4/14 11:00,2023/4/14 12:00,599
2023/4/14 12:00,2023/4/14 13:00,627
2023/4/14 13:00,2023/4/14 14:00,663
2023/4/14 14:00,2023/4/14 15:00,686
2023/4/14 15:00,2023/4/14 16:00,682
2023/4/14 16:00,2023/4/14 17:00,651
2023/4/14 17:00,2023/4/14 18:00,756
2023/4/14 18:00,2023/4/14 19:00,1023
2023/4/14 19:00,2023/4/14 20:00,1181
2023/4/14 20:00,2023/4/14 21:00,1216
2023/4/14 21:00,2023/4/14 22:00,1202
2023/4/14 22:00,2023/4/14 23:00,1127
2023/4/14 23:00,2023/4/15 0:00,1048
2023/4/15 0:00,2023/4/15 1:00,981
2023/4/15 1:00,2023/4/15 2:00,886
2023/4/15 2:00,2023/4/15 3:00,753
2023/4/15 3:00,2023/4/15 4:00,694
2023/4/15 4:00,2023/4/15 5:00,556
2023/4/15 5:00,2023/4/15 6:00,288
2023/4/15 6:00,2023/4/15 7:00,101
2023/4/15 7:00,2023/4/15 8:00,77
2023/4/15 8:00,2023/4/15 9:00,161
2023/4/15 9:00,2023/4/15 10:00,218
2023/4/15 10:00,2023/4/15 11:00,196
2023/4/15 11:00,2023/4/15 12:00,134
2023/4/15 12:00,2023/4/15 13:00,96
2023/4/15 13:00,2023/4/15 14:00,77
2023/4/15 14:00,2023/4/15 15:00,72
2023/4/15 15:00,2023/4/15 16:00,75
2023/4/15 16:00,2023/4/15 17:00,101
2023/4/15 17:00,2023/4/15 18:00,167
2023/4/15 18:00,2023/4/15 19:00,261
2023/4/15 19:00,2023/4/15 20:00,319
2023/4/15 20:00,2023/4/15 21:00,348
2023/4/15 21:00,2023/4/15 22:00,379
2023/4/15 22:00,2023/4/15 23:00,401
2023/4/15 23:00,2023/4/16 0:00,354
2023/4/16 0:00,2023/4/16 1:00,261
2023/4/16 1:00,2023/4/16 2:00,165
2023/4/16 2:00,2023/4/16 3:00,96
2023/4/16 3:00,2023/4/16 4:00,55
2023/4/16 4:00,2023/4/16 5:00,56
2023/4/16 5:00,2023/4/16 6:00,54
2023/4/16 6:00,2023/4/16 7:00,27
2023/4/16 7:00,2023/4/16 8:00,26
2023/4/16 8:00,2023/4/16 9:00,44
2023/4/16 9:00,2023/4/16 10:00,36
2023/4/16 10:00,2023/4/16 11:00,24
2023/4/16 11:00,2023/4/16 12:00,21
2023/4/16 12:00,2023/4/16 13:00,29
2023/4/16 13:00,2023/4/16 14:00,44
2023/4/16 14:00,2023/4/16 15:00,58
2023/4/16 15:00,2023/4/16 16:00,52
2023/4/16 16:00,2023/4/16 17:00,55
2023/4/16 17:00,2023/4/16 18:00,88
2023/4/16 18:00,2023/4/16 19:00,133
2023/4/16 19:00,2023/4/16 20:00,139
2023/4/16 20:00,2023/4/16 21:00,126
2023/4/16 21:00,2023/4/16 22:00,99
2023/4/16 22:00,2023/4/16 23:00,70
2023/4/16 23:00,2023/4/17 0:00,42
2023/4/17 0:00,2023/4/17 1:00,24
2023/4/17 1:00,2023/4/17 2:00,19
2023/4/17 2:00,2023/4/17 3:00,28
2023/4/17 3:00,2023/4/17 4:00,45
2023/4/17 4:00,2023/4/17 5:00,46
2023/4/17 5:00,2023/4/17 6:00,36
2023/4/17 6:00,2023/4/17 7:00,17
2023/4/17 7:00,2023/4/17 8:00,7
2023/4/17 8:00,2023/4/17 9:00,10
2023/4/17 9:00,2023/4/17 10:00,21
2023/4/17 10:00,2023/4/17 11:00,39
2023/4/17 11:00,2023/4/17 12:00,78
2023/4/17 12:00,2023/4/17 13:00,124
2023/4/17 13:00,2023/4/17 14:00,145
2023/4/17 14:00,2023/4/17 15:00,173
2023/4/17 15:00,2023/4/17 16:00,194
2023/4/17 16:00,2023/4/17 17:00,206
2023/4/17 17:00,2023/4/17 18:00,242
2023/4/17 18:00,2023/4/17 19:00,369
2023/4/17 19:00,2023/4/17 20:00,517
2023/4/17 20:00,2023/4/17 21:00,642
2023/4/17 21:00,2023/4/17 22:00,605
2023/4/17 22:00,2023/4/17 23:00,581
2023/4/17 23:00,2023/4/18 0:00,639
2023/4/18 0:00,2023/4/18 1:00,668
2023/4/18 1:00,2023/4/18 2:00,700
2023/4/18 2:00,2023/4/18 3:00,710
2023/4/18 3:00,2023/4/18 4:00,670
2023/4/18 4:00,2023/4/18 5:00,553
2023/4/18 5:00,2023/4/18 6:00,356
2023/4/18 6:00,2023/4/18 7:00,151
2023/4/18 7:00,2023/4/18 8:00,130
2023/4/18 8:00,2023/4/18 9:00,269
2023/4/18 9:00,2023/4/18 10:00,395
2023/4/18 10:00,2023/4/18 11:00,449
2023/4/18 11:00,2023/4/18 12:00,456
2023/4/18 12:00,2023/4/18 13:00,442
2023/4/18 13:00,2023/4/18 14:00,417
2023/4/18 14:00,2023/4/18 15:00,386
2023/4/18 15:00,2023/4/18 16:00,372
2023/4/18 16:00,2023/4/18 17:00,361
2023/4/18 17:00,2023/4/18 18:00,367
2023/4/18 18:00,2023/4/18 19:00,439
2023/4/18 19:00,2023/4/18 20:00,477
2023/4/18 20:00,2023/4/18 21:00,459
2023/4/18 21:00,2023/4/18 22:00,427
2023/4/18 22:00,2023/4/18 23:00,364
2023/4/18 23:00,2023/4/19 0:00,324
2023/4/19 0:00,2023/4/19 1:00,257
2023/4/19 1:00,2023/4/19 2:00,205
2023/4/19 2:00,2023/4/19 3:00,212
2023/4/19 3:00,2023/4/19 4:00,247
2023/4/19 4:00,2023/4/19 5:00,291
2023/4/19 5:00,2023/4/19 6:00,308
2023/4/19 6:00,2023/4/19 7:00,246
2023/4/19 7:00,2023/4/19 8:00,175
2023/4/19 8:00,2023/4/19 9:00,185
2023/4/19 9:00,2023/4/19 10:00,240
2023/4/19 10:00,2023/4/19 11:00,287
2023/4/19 11:00,2023/4/19 12:00,298
2023/4/19 12:00,2023/4/19 13:00,324
2023/4/19 13:00,2023/4/19 14:00,332
2023/4/19 14:00,2023/4/19 15:00,337
2023/4/19 15:00,2023/4/19 16:00,307
2023/4/19 16:00,2023/4/19 17:00,329
2023/4/19 17:00,2023/4/19 18:00,385
2023/4/19 18:00,2023/4/19 19:00,505
2023/4/19 19:00,2023/4/19 20:00,579
2023/4/19 20:00,2023/4/19 21:00,611
2023/4/19 21:00,2023/4/19 22:00,590
2023/4/19 22:00,2023/4/19 23:00,510
2023/4/19 23:00,2023/4/20 0:00,469
2023/4/20 0:00,2023/4/20 1:00,486
2023/4/20 1:00,2023/4/20 2:00,530
2023/4/20 2:00,2023/4/20 3:00,550
2023/4/20 3:00,2023/4/20 4:00,579
2023/4/20 4:00,2023/4/20 5:00,529
2023/4/20 5:00,2023/4/20 6:00,440
2023/4/20 6:00,2023/4/20 7:00,259
2023/4/20 7:00,2023/4/20 8:00,184
2023/4/20 8:00,2023/4/20 9:00,186
2023/4/20 9:00,2023/4/20 10:00,182
2023/4/20 10:00,2023/4/20 11:00,190
2023/4/20 11:00,2023/4/20 12:00,198
2023/4/20 12:00,2023/4/20 13:00,198
2023/4/20 13:00,2023/4/20 14:00,216
2023/4/20 14:00,2023/4/20 15:00,228
2023/4/20 15:00,2023/4/20 16:00,251
2023/4/20 16:00,2023/4/20 17:00,310
2023/4/20 17:00,2023/4/20 18:00,429
2023/4/20 18:00,2023/4/20 19:00,571
2023/4/20 19:00,2023/4/20 20:00,633
2023/4/20 20:00,2023/4/20 21:00,681
2023/4/20 21:00,2023/4/20 22:00,716
2023/4/20 22:00,2023/4/20 23:00,709
2023/4/20 23:00,2023/4/21 0:00,646
2023/4/21 0:00,2023/4/21 1:00,530
2023/4/21 1:00,2023/4/21 2:00,396
2023/4/21 2:00,2023/4/21 3:00,312
2023/4/21 3:00,2023/4/21 4:00,309
2023/4/21 4:00,2023/4/21 5:00,271
2023/4/21 5:00,2023/4/21 6:00,136
2023/4/21 6:00,2023/4/21 7:00,36
2023/4/21 7:00,2023/4/21 8:00,29
2023/4/21 8:00,2023/4/21 9:00,55
2023/4/21 9:00,2023/4/21 10:00,93
2023/4/21 10:00,2023/4/21 11:00,117
2023/4/21 11:00,2023/4/21 12:00,134
2023/4/21 12:00,2023/4/21 13:00,156
2023/4/21 13:00,2023/4/21 14:00,148
2023/4/21 14:00,2023/4/21 15:00,141
2023/4/21 15:00,2023/4/21 16:00,145
2023/4/21 16:00,2023/4/21 17:00,184
2023/4/21 17:00,2023/4/21 18:00,301
2023/4/21 18:00,2023/4/21 19:00,480
2023/4/21 19:00,2023/4/21 20:00,660
2023/4/21 20:00,2023/4/21 21:00,787
2023/4/21 21:00,2023/4/21 22:00,864
2023/4/21 22:00,2023/4/21 23:00,920
2023/4/21 23:00,2023/4/22 0:00,855
2023/4/22 0:00,2023/4/22 1:00,683
2023/4/22 1:00,2023/4/22 2:00,545
2023/4/22 2:00,2023/4/22 3:00,562
2023/4/22 3:00,2023/4/22 4:00,663
2023/4/22 4:00,2023/4/22 5:00,569
2023/4/22 5:00,2023/4/22 6:00,381
2023/4/22 6:00,2023/4/22 7:00,307
2023/4/22 7:00,2023/4/22 8:00,310
2023/4/22 8:00,2023/4/22 9:00,338
2023/4/22 9:00,2023/4/22 10:00,351
2023/4/22 10:00,2023/4/22 11:00,358
2023/4/22 11:00,2023/4/22 12:00,366
2023/4/22 12:00,2023/4/22 13:00,399
2023/4/22 13:00,2023/4/22 14:00,417
2023/4/22 14:00,2023/4/22 15:00,375
2023/4/22 15:00,2023/4/22 16:00,333
2023/4/22 16:00,2023/4/22 17:00,268
2023/4/22 17:00,2023/4/22 18:00,259
2023/4/22 18:00,2023/4/22 19:00,322
2023/4/22 19:00,2023/4/22 20:00,378
2023/4/22 20:00,2023/4/22 21:00,441
2023/4/22 21:00,2023/4/22 22:00,482
2023/4/22 22:00,2023/4/22 23:00,461
2023/4/22 23:00,2023/4/23 0:00,407
2023/4/23 0:00,2023/4/23 1:00,363
2023/4/23 1:00,2023/4/23 2:00,318
2023/4/23 2:00,2023/4/23 3:00,320
2023/4/23 3:00,2023/4/23 4:00,315
2023/4/23 4:00,2023/4/23 5:00,267
2023/4/23 5:00,2023/4/23 6:00,225
2023/4/23 6:00,2023/4/23 7:00,219
2023/4/23 7:00,2023/4/23 8:00,241
2023/4/23 8:00,2023/4/23 9:00,239
2023/4/23 9:00,2023/4/23 10:00,260
2023/4/23 10:00,2023/4/23 11:00,283
2023/4/23 11:00,2023/4/23 12:00,277
2023/4/23 12:00,2023/4/23 13:00,293
2023/4/23 13:00,2023/4/23 14:00,281
2023/4/23 14:00,2023/4/23 15:00,314
2023/4/23 15:00,2023/4/23 16:00,298
2023/4/23 16:00,2023/4/23 17:00,298
2023/4/23 17:00,2023/4/23 18:00,318
2023/4/23 18:00,2023/4/23 19:00,339
2023/4/23 19:00,2023/4/23 20:00,425
2023/4/23 20:00,2023/4/23 21:00,462
2023/4/23 21:00,2023/4/23 22:00,577
2023/4/23 22:00,2023/4/23 23:00,639
2023/4/23 23:00,2023/4/24 0:00,667
2023/4/24 0:00,2023/4/24 1:00,661
2023/4/24 1:00,2023/4/24 2:00,656
2023/4/24 2:00,2023/4/24 3:00,648
2023/4/24 3:00,2023/4/24 4:00,635
2023/4/24 4:00,2023/4/24 5:00,626
2023/4/24 5:00,2023/4/24 6:00,589
2023/4/24 6:00,2023/4/24 7:00,542
2023/4/24 7:00,2023/4/24 8:00,509
2023/4/24 8:00,2023/4/24 9:00,393
2023/4/24 9:00,2023/4/24 10:00,307
2023/4/24 10:00,2023/4/24 11:00,279
2023/4/24 11:00,2023/4/24 12:00,238
2023/4/24 12:00,2023/4/24 13:00,187
2023/4/24 13:00,2023/4/24 14:00,130
2023/4/24 14:00,2023/4/24 15:00,107
2023/4/24 15:00,2023/4/24 16:00,79
2023/4/24 16:00,2023/4/24 17:00,96
2023/4/24 17:00,2023/4/24 18:00,128
2023/4/24 18:00,2023/4/24 19:00,177
2023/4/24 19:00,2023/4/24 20:00,201
2023/4/24 20:00,2023/4/24 21:00,210
2023/4/24 21:00,2023/4/24 22:00,200
2023/4/24 22:00,2023/4/24 23:00,214
2023/4/24 23:00,2023/4/25 0:00,243
2023/4/25 0:00,2023/4/25 1:00,294
2023/4/25 1:00,2023/4/25 2:00,321
2023/4/25 2:00,2023/4/25 3:00,325
2023/4/25 3:00,2023/4/25 4:00,393
2023/4/25 4:00,2023/4/25 5:00,439
2023/4/25 5:00,2023/4/25 6:00,429
2023/4/25 6:00,2023/4/25 7:00,407
2023/4/25 7:00,2023/4/25 8:00,443
2023/4/25 8:00,2023/4/25 9:00,492
2023/4/25 9:00,2023/4/25 10:00,602
2023/4/25 10:00,2023/4/25 11:00,682
2023/4/25 11:00,2023/4/25 12:00,764
2023/4/25 12:00,2023/4/25 13:00,813
2023/4/25 13:00,2023/4/25 14:00,878
2023/4/25 14:00,2023/4/25 15:00,876
2023/4/25 15:00,2023/4/25 16:00,894
2023/4/25 16:00,2023/4/25 17:00,910
2023/4/25 17:00,2023/4/25 18:00,879
2023/4/25 18:00,2023/4/25 19:00,820
2023/4/25 19:00,2023/4/25 20:00,801
2023/4/25 20:00,2023/4/25 21:00,781
2023/4/25 21:00,2023/4/25 22:00,733
2023/4/25 22:00,2023/4/25 23:00,671
2023/4/25 23:00,2023/4/26 0:00,596
2023/4/26 0:00,2023/4/26 1:00,529
2023/4/26 1:00,2023/4/26 2:00,490
2023/4/26 2:00,2023/4/26 3:00,474
2023/4/26 3:00,2023/4/26 4:00,442
2023/4/26 4:00,2023/4/26 5:00,404
2023/4/26 5:00,2023/4/26 6:00,369
2023/4/26 6:00,2023/4/26 7:00,369
2023/4/26 7:00,2023/4/26 8:00,381
2023/4/26 8:00,2023/4/26 9:00,368
2023/4/26 9:00,2023/4/26 10:00,362
2023/4/26 10:00,2023/4/26 11:00,430
2023/4/26 11:00,2023/4/26 12:00,445
2023/4/26 12:00,2023/4/26 13:00,476
2023/4/26 13:00,2023/4/26 14:00,486
2023/4/26 14:00,2023/4/26 15:00,458
2023/4/26 15:00,2023/4/26 16:00,392
2023/4/26 16:00,2023/4/26 17:00,378
2023/4/26 17:00,2023/4/26 18:00,426
2023/4/26 18:00,2023/4/26 19:00,379
2023/4/26 19:00,2023/4/26 20:00,369
2023/4/26 20:00,2023/4/26 21:00,411
2023/4/26 21:00,2023/4/26 22:00,524
2023/4/26 22:00,2023/4/26 23:00,546
2023/4/26 23:00,2023/4/27 0:00,531
2023/4/27 0:00,2023/4/27 1:00,522
2023/4/27 1:00,2023/4/27 2:00,530
2023/4/27 2:00,2023/4/27 3:00,554
2023/4/27 3:00,2023/4/27 4:00,506
2023/4/27 4:00,2023/4/27 5:00,440
2023/4/27 5:00,2023/4/27 6:00,339
2023/4/27 6:00,2023/4/27 7:00,264
2023/4/27 7:00,2023/4/27 8:00,237
2023/4/27 8:00,2023/4/27 9:00,221
2023/4/27 9:00,2023/4/27 10:00,258
2023/4/27 10:00,2023/4/27 11:00,279
2023/4/27 11:00,2023/4/27 12:00,297
2023/4/27 12:00,2023/4/27 13:00,324
2023/4/27 13:00,2023/4/27 14:00,354
2023/4/27 14:00,2023/4/27 15:00,351
2023/4/27 15:00,2023/4/27 16:00,292
2023/4/27 16:00,2023/4/27 17:00,221
2023/4/27 17:00,2023/4/27 18:00,182
2023/4/27 18:00,2023/4/27 19:00,163
2023/4/27 19:00,2023/4/27 20:00,186
2023/4/27 20:00,2023/4/27 21:00,198
2023/4/27 21:00,2023/4/27 22:00,208
2023/4/27 22:00,2023/4/27 23:00,257
2023/4/27 23:00,2023/4/28 0:00,291
2023/4/28 0:00,2023/4/28 1:00,330
2023/4/28 1:00,2023/4/28 2:00,327
2023/4/28 2:00,2023/4/28 3:00,300
2023/4/28 3:00,2023/4/28 4:00,281
2023/4/28 4:00,2023/4/28 5:00,261
2023/4/28 5:00,2023/4/28 6:00,198
2023/4/28 6:00,2023/4/28 7:00,152
2023/4/28 7:00,2023/4/28 8:00,128
2023/4/28 8:00,2023/4/28 9:00,129
2023/4/28 9:00,2023/4/28 10:00,132
2023/4/28 10:00,2023/4/28 11:00,135
2023/4/28 11:00,2023/4/28 12:00,126
2023/4/28 12:00,2023/4/28 13:00,117
2023/4/28 13:00,2023/4/28 14:00,98
2023/4/28 14:00,2023/4/28 15:00,95
2023/4/28 15:00,2023/4/28 16:00,94
2023/4/28 16:00,2023/4/28 17:00,89
2023/4/28 17:00,2023/4/28 18:00,90
2023/4/28 18:00,2023/4/28 19:00,90
2023/4/28 19:00,2023/4/28 20:00,89
2023/4/28 20:00,2023/4/28 21:00,88
2023/4/28 21:00,2023/4/28 22:00,88
2023/4/28 22:00,2023/4/28 23:00,87
2023/4/28 23:00,2023/4/29 0:00,92
2023/4/29 0:00,2023/4/29 1:00,134
2023/4/29 1:00,2023/4/29 2:00,134
2023/4/29 2:00,2023/4/29 3:00,144
2023/4/29 3:00,2023/4/29 4:00,155
2023/4/29 4:00,2023/4/29 5:00,151
2023/4/29 5:00,2023/4/29 6:00,165
2023/4/29 6:00,2023/4/29 7:00,180
2023/4/29 7:00,2023/4/29 8:00,199
2023/4/29 8:00,2023/4/29 9:00,253
2023/4/29 9:00,2023/4/29 10:00,321
2023/4/29 10:00,2023/4/29 11:00,359
2023/4/29 11:00,2023/4/29 12:00,392
2023/4/29 12:00,2023/4/29 13:00,463
2023/4/29 13:00,2023/4/29 14:00,468
2023/4/29 14:00,2023/4/29 15:00,440
2023/4/29 15:00,2023/4/29 16:00,465
2023/4/29 16:00,2023/4/29 17:00,431
2023/4/29 17:00,2023/4/29 18:00,445
2023/4/29 18:00,2023/4/29 19:00,446
2023/4/29 19:00,2023/4/29 20:00,572
2023/4/29 20:00,2023/4/29 21:00,601
2023/4/29 21:00,2023/4/29 22:00,631
2023/4/29 22:00,2023/4/29 23:00,704
2023/4/29 23:00,2023/4/30 0:00,715
2023/4/30 0:00,2023/4/30 1:00,576
2023/4/30 1:00,2023/4/30 2:00,494
2023/4/30 2:00,2023/4/30 3:00,422
2023/4/30 3:00,2023/4/30 4:00,342
2023/4/30 4:00,2023/4/30 5:00,294
2023/4/30 5:00,2023/4/30 6:00,273
2023/4/30 6:00,2023/4/30 7:00,305
2023/4/30 7:00,2023/4/30 8:00,367
2023/4/30 8:00,2023/4/30 9:00,405
2023/4/30 9:00,2023/4/30 10:00,390
2023/4/30 10:00,2023/4/30 11:00,348
2023/4/30 11:00,2023/4/30 12:00,273
2023/4/30 12:00,2023/4/30 13:00,225
2023/4/30 13:00,2023/4/30 14:00,296
2023/4/30 14:00,2023/4/30 15:00,339
2023/4/30 15:00,2023/4/30 16:00,411
2023/4/30 16:00,2023/4/30 17:00,452
2023/4/30 17:00,2023/4/30 18:00,440
2023/4/30 18:00,2023/4/30 19:00,477
2023/4/30 19:00,2023/4/30 20:00,521
2023/4/30 20:00,2023/4/30 21:00,530
2023/4/30 21:00,2023/4/30 22:00,511
2023/4/30 22:00,2023/4/30 23:00,527
2023/4/30 23:00,2023/5/1 0:00,497
