Start time UTC,End time UTC,Solar Panel (MWh/h)
2023/1/1 0:00,2023/1/1 1:00,0
2023/1/1 1:00,2023/1/1 2:00,0
2023/1/1 2:00,2023/1/1 3:00,0
2023/1/1 3:00,2023/1/1 4:00,0
2023/1/1 4:00,2023/1/1 5:00,0
2023/1/1 5:00,2023/1/1 6:00,0
2023/1/1 6:00,2023/1/1 7:00,0
2023/1/1 7:00,2023/1/1 8:00,0
2023/1/1 8:00,2023/1/1 9:00,7.2
2023/1/1 9:00,2023/1/1 10:00,23.9
2023/1/1 10:00,2023/1/1 11:00,33.9
2023/1/1 11:00,2023/1/1 12:00,29.7
2023/1/1 12:00,2023/1/1 13:00,6.7
2023/1/1 13:00,2023/1/1 14:00,0
2023/1/1 14:00,2023/1/1 15:00,0
2023/1/1 15:00,2023/1/1 16:00,0
2023/1/1 16:00,2023/1/1 17:00,0
2023/1/1 17:00,2023/1/1 18:00,0
2023/1/1 18:00,2023/1/1 19:00,0
2023/1/1 19:00,2023/1/1 20:00,0
2023/1/1 20:00,2023/1/1 21:00,0
2023/1/1 21:00,2023/1/1 22:00,0
2023/1/1 22:00,2023/1/1 23:00,0
2023/1/1 23:00,2023/1/2 0:00,0
2023/1/2 0:00,2023/1/2 1:00,0
2023/1/2 1:00,2023/1/2 2:00,0
2023/1/2 2:00,2023/1/2 3:00,0
2023/1/2 3:00,2023/1/2 4:00,0
2023/1/2 4:00,2023/1/2 5:00,0
2023/1/2 5:00,2023/1/2 6:00,0
2023/1/2 6:00,2023/1/2 7:00,0
2023/1/2 7:00,2023/1/2 8:00,0
2023/1/2 8:00,2023/1/2 9:00,5
2023/1/2 9:00,2023/1/2 10:00,11.1
2023/1/2 10:00,2023/1/2 11:00,15
2023/1/2 11:00,2023/1/2 12:00,9.1
2023/1/2 12:00,2023/1/2 13:00,0
2023/1/2 13:00,2023/1/2 14:00,0
2023/1/2 14:00,2023/1/2 15:00,0
2023/1/2 15:00,2023/1/2 16:00,0
2023/1/2 16:00,2023/1/2 17:00,0
2023/1/2 17:00,2023/1/2 18:00,0
2023/1/2 18:00,2023/1/2 19:00,0
2023/1/2 19:00,2023/1/2 20:00,0
2023/1/2 20:00,2023/1/2 21:00,0
2023/1/2 21:00,2023/1/2 22:00,0
2023/1/2 22:00,2023/1/2 23:00,0
2023/1/2 23:00,2023/1/3 0:00,0
2023/1/3 0:00,2023/1/3 1:00,0
2023/1/3 1:00,2023/1/3 2:00,0
2023/1/3 2:00,2023/1/3 3:00,0
2023/1/3 3:00,2023/1/3 4:00,0
2023/1/3 4:00,2023/1/3 5:00,0
2023/1/3 5:00,2023/1/3 6:00,0
2023/1/3 6:00,2023/1/3 7:00,0
2023/1/3 7:00,2023/1/3 8:00,0
2023/1/3 8:00,2023/1/3 9:00,0.1
2023/1/3 9:00,2023/1/3 10:00,8.4
2023/1/3 10:00,2023/1/3 11:00,12.4
2023/1/3 11:00,2023/1/3 12:00,10.7
2023/1/3 12:00,2023/1/3 13:00,0.8
2023/1/3 13:00,2023/1/3 14:00,0
2023/1/3 14:00,2023/1/3 15:00,0
2023/1/3 15:00,2023/1/3 16:00,0
2023/1/3 16:00,2023/1/3 17:00,0
2023/1/3 17:00,2023/1/3 18:00,0
2023/1/3 18:00,2023/1/3 19:00,0
2023/1/3 19:00,2023/1/3 20:00,0
2023/1/3 20:00,2023/1/3 21:00,0
2023/1/3 21:00,2023/1/3 22:00,0
2023/1/3 22:00,2023/1/3 23:00,0
2023/1/3 23:00,2023/1/4 0:00,0
2023/1/4 0:00,2023/1/4 1:00,0
2023/1/4 1:00,2023/1/4 2:00,0
2023/1/4 2:00,2023/1/4 3:00,0
2023/1/4 3:00,2023/1/4 4:00,0
2023/1/4 4:00,2023/1/4 5:00,0
2023/1/4 5:00,2023/1/4 6:00,0
2023/1/4 6:00,2023/1/4 7:00,0
2023/1/4 7:00,2023/1/4 8:00,0
2023/1/4 8:00,2023/1/4 9:00,2.6
2023/1/4 9:00,2023/1/4 10:00,15.2
2023/1/4 10:00,2023/1/4 11:00,21.3
2023/1/4 11:00,2023/1/4 12:00,18.6
2023/1/4 12:00,2023/1/4 13:00,0.2
2023/1/4 13:00,2023/1/4 14:00,0
2023/1/4 14:00,2023/1/4 15:00,0
2023/1/4 15:00,2023/1/4 16:00,0
2023/1/4 16:00,2023/1/4 17:00,0
2023/1/4 17:00,2023/1/4 18:00,0
2023/1/4 18:00,2023/1/4 19:00,0
2023/1/4 19:00,2023/1/4 20:00,0
2023/1/4 20:00,2023/1/4 21:00,0
2023/1/4 21:00,2023/1/4 22:00,0
2023/1/4 22:00,2023/1/4 23:00,0
2023/1/4 23:00,2023/1/5 0:00,0
2023/1/5 0:00,2023/1/5 1:00,0
2023/1/5 1:00,2023/1/5 2:00,0
2023/1/5 2:00,2023/1/5 3:00,0
2023/1/5 3:00,2023/1/5 4:00,0
2023/1/5 4:00,2023/1/5 5:00,0
2023/1/5 5:00,2023/1/5 6:00,0
2023/1/5 6:00,2023/1/5 7:00,0
2023/1/5 7:00,2023/1/5 8:00,0
2023/1/5 8:00,2023/1/5 9:00,9.5
2023/1/5 9:00,2023/1/5 10:00,26.3
2023/1/5 10:00,2023/1/5 11:00,36.8
2023/1/5 11:00,2023/1/5 12:00,29.9
2023/1/5 12:00,2023/1/5 13:00,9
2023/1/5 13:00,2023/1/5 14:00,0
2023/1/5 14:00,2023/1/5 15:00,0
2023/1/5 15:00,2023/1/5 16:00,0
2023/1/5 16:00,2023/1/5 17:00,0
2023/1/5 17:00,2023/1/5 18:00,0
2023/1/5 18:00,2023/1/5 19:00,0
2023/1/5 19:00,2023/1/5 20:00,0
2023/1/5 20:00,2023/1/5 21:00,0
2023/1/5 21:00,2023/1/5 22:00,0
2023/1/5 22:00,2023/1/5 23:00,0
2023/1/5 23:00,2023/1/6 0:00,0
2023/1/6 0:00,2023/1/6 1:00,0
2023/1/6 1:00,2023/1/6 2:00,0
2023/1/6 2:00,2023/1/6 3:00,0
2023/1/6 3:00,2023/1/6 4:00,0
2023/1/6 4:00,2023/1/6 5:00,0
2023/1/6 5:00,2023/1/6 6:00,0
2023/1/6 6:00,2023/1/6 7:00,0
2023/1/6 7:00,2023/1/6 8:00,0
2023/1/6 8:00,2023/1/6 9:00,6.6
2023/1/6 9:00,2023/1/6 10:00,20
2023/1/6 10:00,2023/1/6 11:00,29.4
2023/1/6 11:00,2023/1/6 12:00,23.8
2023/1/6 12:00,2023/1/6 13:00,4.8
2023/1/6 13:00,2023/1/6 14:00,0
2023/1/6 14:00,2023/1/6 15:00,0
2023/1/6 15:00,2023/1/6 16:00,0
2023/1/6 16:00,2023/1/6 17:00,0
2023/1/6 17:00,2023/1/6 18:00,0
2023/1/6 18:00,2023/1/6 19:00,0
2023/1/6 19:00,2023/1/6 20:00,0
2023/1/6 20:00,2023/1/6 21:00,0
2023/1/6 21:00,2023/1/6 22:00,0
2023/1/6 22:00,2023/1/6 23:00,0
2023/1/6 23:00,2023/1/7 0:00,0
2023/1/7 0:00,2023/1/7 1:00,0
2023/1/7 1:00,2023/1/7 2:00,0
2023/1/7 2:00,2023/1/7 3:00,0
2023/1/7 3:00,2023/1/7 4:00,0
2023/1/7 4:00,2023/1/7 5:00,0
2023/1/7 5:00,2023/1/7 6:00,0
2023/1/7 6:00,2023/1/7 7:00,0
2023/1/7 7:00,2023/1/7 8:00,0
2023/1/7 8:00,2023/1/7 9:00,3
2023/1/7 9:00,2023/1/7 10:00,9.6
2023/1/7 10:00,2023/1/7 11:00,15.4
2023/1/7 11:00,2023/1/7 12:00,13.1
2023/1/7 12:00,2023/1/7 13:00,2.9
2023/1/7 13:00,2023/1/7 14:00,0
2023/1/7 14:00,2023/1/7 15:00,0
2023/1/7 15:00,2023/1/7 16:00,0
2023/1/7 16:00,2023/1/7 17:00,0
2023/1/7 17:00,2023/1/7 18:00,0
2023/1/7 18:00,2023/1/7 19:00,0
2023/1/7 19:00,2023/1/7 20:00,0
2023/1/7 20:00,2023/1/7 21:00,0
2023/1/7 21:00,2023/1/7 22:00,0
2023/1/7 22:00,2023/1/7 23:00,0
2023/1/7 23:00,2023/1/8 0:00,0
2023/1/8 0:00,2023/1/8 1:00,0
2023/1/8 1:00,2023/1/8 2:00,0
2023/1/8 2:00,2023/1/8 3:00,0
2023/1/8 3:00,2023/1/8 4:00,0
2023/1/8 4:00,2023/1/8 5:00,0
2023/1/8 5:00,2023/1/8 6:00,0
2023/1/8 6:00,2023/1/8 7:00,0
2023/1/8 7:00,2023/1/8 8:00,0
2023/1/8 8:00,2023/1/8 9:00,0.3
2023/1/8 9:00,2023/1/8 10:00,6.8
2023/1/8 10:00,2023/1/8 11:00,12.2
2023/1/8 11:00,2023/1/8 12:00,5.3
2023/1/8 12:00,2023/1/8 13:00,0
2023/1/8 13:00,2023/1/8 14:00,0
2023/1/8 14:00,2023/1/8 15:00,0
2023/1/8 15:00,2023/1/8 16:00,0
2023/1/8 16:00,2023/1/8 17:00,0
2023/1/8 17:00,2023/1/8 18:00,0
2023/1/8 18:00,2023/1/8 19:00,0
2023/1/8 19:00,2023/1/8 20:00,0
2023/1/8 20:00,2023/1/8 21:00,0
2023/1/8 21:00,2023/1/8 22:00,0
2023/1/8 22:00,2023/1/8 23:00,0
2023/1/8 23:00,2023/1/9 0:00,0
2023/1/9 0:00,2023/1/9 1:00,0
2023/1/9 1:00,2023/1/9 2:00,0
2023/1/9 2:00,2023/1/9 3:00,0
2023/1/9 3:00,2023/1/9 4:00,0
2023/1/9 4:00,2023/1/9 5:00,0
2023/1/9 5:00,2023/1/9 6:00,0
2023/1/9 6:00,2023/1/9 7:00,0
2023/1/9 7:00,2023/1/9 8:00,0
2023/1/9 8:00,2023/1/9 9:00,0.1
2023/1/9 9:00,2023/1/9 10:00,6.2
2023/1/9 10:00,2023/1/9 11:00,11.5
2023/1/9 11:00,2023/1/9 12:00,6.4
2023/1/9 12:00,2023/1/9 13:00,0
2023/1/9 13:00,2023/1/9 14:00,0
2023/1/9 14:00,2023/1/9 15:00,0
2023/1/9 15:00,2023/1/9 16:00,0
2023/1/9 16:00,2023/1/9 17:00,0
2023/1/9 17:00,2023/1/9 18:00,0
2023/1/9 18:00,2023/1/9 19:00,0
2023/1/9 19:00,2023/1/9 20:00,0
2023/1/9 20:00,2023/1/9 21:00,0
2023/1/9 21:00,2023/1/9 22:00,0
2023/1/9 22:00,2023/1/9 23:00,0
2023/1/9 23:00,2023/1/10 0:00,0
2023/1/10 0:00,2023/1/10 1:00,0
2023/1/10 1:00,2023/1/10 2:00,0
2023/1/10 2:00,2023/1/10 3:00,0
2023/1/10 3:00,2023/1/10 4:00,0
2023/1/10 4:00,2023/1/10 5:00,0
2023/1/10 5:00,2023/1/10 6:00,0
2023/1/10 6:00,2023/1/10 7:00,0
2023/1/10 7:00,2023/1/10 8:00,0
2023/1/10 8:00,2023/1/10 9:00,0
2023/1/10 9:00,2023/1/10 10:00,7.4
2023/1/10 10:00,2023/1/10 11:00,12.4
2023/1/10 11:00,2023/1/10 12:00,7.6
2023/1/10 12:00,2023/1/10 13:00,0
2023/1/10 13:00,2023/1/10 14:00,0
2023/1/10 14:00,2023/1/10 15:00,0
2023/1/10 15:00,2023/1/10 16:00,0
2023/1/10 16:00,2023/1/10 17:00,0
2023/1/10 17:00,2023/1/10 18:00,0
2023/1/10 18:00,2023/1/10 19:00,0
2023/1/10 19:00,2023/1/10 20:00,0
2023/1/10 20:00,2023/1/10 21:00,0
2023/1/10 21:00,2023/1/10 22:00,0
2023/1/10 22:00,2023/1/10 23:00,0
2023/1/10 23:00,2023/1/11 0:00,0
2023/1/11 0:00,2023/1/11 1:00,0
2023/1/11 1:00,2023/1/11 2:00,0
2023/1/11 2:00,2023/1/11 3:00,0
2023/1/11 3:00,2023/1/11 4:00,0
2023/1/11 4:00,2023/1/11 5:00,0
2023/1/11 5:00,2023/1/11 6:00,0
2023/1/11 6:00,2023/1/11 7:00,0
2023/1/11 7:00,2023/1/11 8:00,0
2023/1/11 8:00,2023/1/11 9:00,0.7
2023/1/11 9:00,2023/1/11 10:00,8
2023/1/11 10:00,2023/1/11 11:00,14
2023/1/11 11:00,2023/1/11 12:00,9.5
2023/1/11 12:00,2023/1/11 13:00,0
2023/1/11 13:00,2023/1/11 14:00,0
2023/1/11 14:00,2023/1/11 15:00,0
2023/1/11 15:00,2023/1/11 16:00,0
2023/1/11 16:00,2023/1/11 17:00,0
2023/1/11 17:00,2023/1/11 18:00,0
2023/1/11 18:00,2023/1/11 19:00,0
2023/1/11 19:00,2023/1/11 20:00,0
2023/1/11 20:00,2023/1/11 21:00,0
2023/1/11 21:00,2023/1/11 22:00,0
2023/1/11 22:00,2023/1/11 23:00,0
2023/1/11 23:00,2023/1/12 0:00,0
2023/1/12 0:00,2023/1/12 1:00,0
2023/1/12 1:00,2023/1/12 2:00,0
2023/1/12 2:00,2023/1/12 3:00,0
2023/1/12 3:00,2023/1/12 4:00,0
2023/1/12 4:00,2023/1/12 5:00,0
2023/1/12 5:00,2023/1/12 6:00,0
2023/1/12 6:00,2023/1/12 7:00,0
2023/1/12 7:00,2023/1/12 8:00,0
2023/1/12 8:00,2023/1/12 9:00,0.4
2023/1/12 9:00,2023/1/12 10:00,9.8
2023/1/12 10:00,2023/1/12 11:00,13.1
2023/1/12 11:00,2023/1/12 12:00,10.3
2023/1/12 12:00,2023/1/12 13:00,0
2023/1/12 13:00,2023/1/12 14:00,0
2023/1/12 14:00,2023/1/12 15:00,0
2023/1/12 15:00,2023/1/12 16:00,0
2023/1/12 16:00,2023/1/12 17:00,0
2023/1/12 17:00,2023/1/12 18:00,0
2023/1/12 18:00,2023/1/12 19:00,0
2023/1/12 19:00,2023/1/12 20:00,0
2023/1/12 20:00,2023/1/12 21:00,0
2023/1/12 21:00,2023/1/12 22:00,0
2023/1/12 22:00,2023/1/12 23:00,0
2023/1/12 23:00,2023/1/13 0:00,0
2023/1/13 0:00,2023/1/13 1:00,0
2023/1/13 1:00,2023/1/13 2:00,0
2023/1/13 2:00,2023/1/13 3:00,0
2023/1/13 3:00,2023/1/13 4:00,0
2023/1/13 4:00,2023/1/13 5:00,0
2023/1/13 5:00,2023/1/13 6:00,0
2023/1/13 6:00,2023/1/13 7:00,0
2023/1/13 7:00,2023/1/13 8:00,0
2023/1/13 8:00,2023/1/13 9:00,2.8
2023/1/13 9:00,2023/1/13 10:00,11
2023/1/13 10:00,2023/1/13 11:00,14.6
2023/1/13 11:00,2023/1/13 12:00,11.7
2023/1/13 12:00,2023/1/13 13:00,0.2
2023/1/13 13:00,2023/1/13 14:00,0
2023/1/13 14:00,2023/1/13 15:00,0
2023/1/13 15:00,2023/1/13 16:00,0
2023/1/13 16:00,2023/1/13 17:00,0
2023/1/13 17:00,2023/1/13 18:00,0
2023/1/13 18:00,2023/1/13 19:00,0
2023/1/13 19:00,2023/1/13 20:00,0
2023/1/13 20:00,2023/1/13 21:00,0
2023/1/13 21:00,2023/1/13 22:00,0
2023/1/13 22:00,2023/1/13 23:00,0
2023/1/13 23:00,2023/1/14 0:00,0
2023/1/14 0:00,2023/1/14 1:00,0
2023/1/14 1:00,2023/1/14 2:00,0
2023/1/14 2:00,2023/1/14 3:00,0
2023/1/14 3:00,2023/1/14 4:00,0
2023/1/14 4:00,2023/1/14 5:00,0
2023/1/14 5:00,2023/1/14 6:00,0
2023/1/14 6:00,2023/1/14 7:00,0
2023/1/14 7:00,2023/1/14 8:00,0
2023/1/14 8:00,2023/1/14 9:00,0.2
2023/1/14 9:00,2023/1/14 10:00,11.9
2023/1/14 10:00,2023/1/14 11:00,14.5
2023/1/14 11:00,2023/1/14 12:00,8.3
2023/1/14 12:00,2023/1/14 13:00,0
2023/1/14 13:00,2023/1/14 14:00,0
2023/1/14 14:00,2023/1/14 15:00,0
2023/1/14 15:00,2023/1/14 16:00,0
2023/1/14 16:00,2023/1/14 17:00,0
2023/1/14 17:00,2023/1/14 18:00,0
2023/1/14 18:00,2023/1/14 19:00,0
2023/1/14 19:00,2023/1/14 20:00,0
2023/1/14 20:00,2023/1/14 21:00,0
2023/1/14 21:00,2023/1/14 22:00,0
2023/1/14 22:00,2023/1/14 23:00,0
2023/1/14 23:00,2023/1/15 0:00,0
2023/1/15 0:00,2023/1/15 1:00,0
2023/1/15 1:00,2023/1/15 2:00,0
2023/1/15 2:00,2023/1/15 3:00,0
2023/1/15 3:00,2023/1/15 4:00,0
2023/1/15 4:00,2023/1/15 5:00,0
2023/1/15 5:00,2023/1/15 6:00,0
2023/1/15 6:00,2023/1/15 7:00,0
2023/1/15 7:00,2023/1/15 8:00,0
2023/1/15 8:00,2023/1/15 9:00,0
2023/1/15 9:00,2023/1/15 10:00,12.2
2023/1/15 10:00,2023/1/15 11:00,17.6
2023/1/15 11:00,2023/1/15 12:00,8.3
2023/1/15 12:00,2023/1/15 13:00,2.7
2023/1/15 13:00,2023/1/15 14:00,0
2023/1/15 14:00,2023/1/15 15:00,0
2023/1/15 15:00,2023/1/15 16:00,0
2023/1/15 16:00,2023/1/15 17:00,0
2023/1/15 17:00,2023/1/15 18:00,0
2023/1/15 18:00,2023/1/15 19:00,0
2023/1/15 19:00,2023/1/15 20:00,0
2023/1/15 20:00,2023/1/15 21:00,0
2023/1/15 21:00,2023/1/15 22:00,0
2023/1/15 22:00,2023/1/15 23:00,0
2023/1/15 23:00,2023/1/16 0:00,0
2023/1/16 0:00,2023/1/16 1:00,0
2023/1/16 1:00,2023/1/16 2:00,0
2023/1/16 2:00,2023/1/16 3:00,0
2023/1/16 3:00,2023/1/16 4:00,0
2023/1/16 4:00,2023/1/16 5:00,0
2023/1/16 5:00,2023/1/16 6:00,0
2023/1/16 6:00,2023/1/16 7:00,0
2023/1/16 7:00,2023/1/16 8:00,0
2023/1/16 8:00,2023/1/16 9:00,3.1
2023/1/16 9:00,2023/1/16 10:00,13.1
2023/1/16 10:00,2023/1/16 11:00,18.1
2023/1/16 11:00,2023/1/16 12:00,11.6
2023/1/16 12:00,2023/1/16 13:00,10
2023/1/16 13:00,2023/1/16 14:00,0
2023/1/16 14:00,2023/1/16 15:00,0
2023/1/16 15:00,2023/1/16 16:00,0
2023/1/16 16:00,2023/1/16 17:00,0
2023/1/16 17:00,2023/1/16 18:00,0
2023/1/16 18:00,2023/1/16 19:00,0
2023/1/16 19:00,2023/1/16 20:00,0
2023/1/16 20:00,2023/1/16 21:00,0
2023/1/16 21:00,2023/1/16 22:00,0
2023/1/16 22:00,2023/1/16 23:00,0
2023/1/16 23:00,2023/1/17 0:00,0
2023/1/17 0:00,2023/1/17 1:00,0
2023/1/17 1:00,2023/1/17 2:00,0
2023/1/17 2:00,2023/1/17 3:00,0
2023/1/17 3:00,2023/1/17 4:00,0
2023/1/17 4:00,2023/1/17 5:00,0
2023/1/17 5:00,2023/1/17 6:00,0
2023/1/17 6:00,2023/1/17 7:00,0
2023/1/17 7:00,2023/1/17 8:00,0
2023/1/17 8:00,2023/1/17 9:00,3
2023/1/17 9:00,2023/1/17 10:00,14.1
2023/1/17 10:00,2023/1/17 11:00,19.3
2023/1/17 11:00,2023/1/17 12:00,17.9
2023/1/17 12:00,2023/1/17 13:00,5
2023/1/17 13:00,2023/1/17 14:00,0
2023/1/17 14:00,2023/1/17 15:00,0
2023/1/17 15:00,2023/1/17 16:00,0
2023/1/17 16:00,2023/1/17 17:00,0
2023/1/17 17:00,2023/1/17 18:00,0
2023/1/17 18:00,2023/1/17 19:00,0
2023/1/17 19:00,2023/1/17 20:00,0
2023/1/17 20:00,2023/1/17 21:00,0
2023/1/17 21:00,2023/1/17 22:00,0
2023/1/17 22:00,2023/1/17 23:00,0
2023/1/17 23:00,2023/1/18 0:00,0
2023/1/18 0:00,2023/1/18 1:00,0
2023/1/18 1:00,2023/1/18 2:00,0
2023/1/18 2:00,2023/1/18 3:00,0
2023/1/18 3:00,2023/1/18 4:00,0
2023/1/18 4:00,2023/1/18 5:00,0
2023/1/18 5:00,2023/1/18 6:00,0
2023/1/18 6:00,2023/1/18 7:00,0
2023/1/18 7:00,2023/1/18 8:00,0
2023/1/18 8:00,2023/1/18 9:00,3.2
2023/1/18 9:00,2023/1/18 10:00,21.3
2023/1/18 10:00,2023/1/18 11:00,28.9
2023/1/18 11:00,2023/1/18 12:00,24.7
2023/1/18 12:00,2023/1/18 13:00,13.7
2023/1/18 13:00,2023/1/18 14:00,0
2023/1/18 14:00,2023/1/18 15:00,0
2023/1/18 15:00,2023/1/18 16:00,0
2023/1/18 16:00,2023/1/18 17:00,0
2023/1/18 17:00,2023/1/18 18:00,0
2023/1/18 18:00,2023/1/18 19:00,0
2023/1/18 19:00,2023/1/18 20:00,0
2023/1/18 20:00,2023/1/18 21:00,0
2023/1/18 21:00,2023/1/18 22:00,0
2023/1/18 22:00,2023/1/18 23:00,0
2023/1/18 23:00,2023/1/19 0:00,0
2023/1/19 0:00,2023/1/19 1:00,0
2023/1/19 1:00,2023/1/19 2:00,0
2023/1/19 2:00,2023/1/19 3:00,0
2023/1/19 3:00,2023/1/19 4:00,0
2023/1/19 4:00,2023/1/19 5:00,0
2023/1/19 5:00,2023/1/19 6:00,0
2023/1/19 6:00,2023/1/19 7:00,0
2023/1/19 7:00,2023/1/19 8:00,0
2023/1/19 8:00,2023/1/19 9:00,1.7
2023/1/19 9:00,2023/1/19 10:00,18.7
2023/1/19 10:00,2023/1/19 11:00,23.8
2023/1/19 11:00,2023/1/19 12:00,15.6
2023/1/19 12:00,2023/1/19 13:00,8.2
2023/1/19 13:00,2023/1/19 14:00,0
2023/1/19 14:00,2023/1/19 15:00,0
2023/1/19 15:00,2023/1/19 16:00,0
2023/1/19 16:00,2023/1/19 17:00,0
2023/1/19 17:00,2023/1/19 18:00,0
2023/1/19 18:00,2023/1/19 19:00,0
2023/1/19 19:00,2023/1/19 20:00,0
2023/1/19 20:00,2023/1/19 21:00,0
2023/1/19 21:00,2023/1/19 22:00,0
2023/1/19 22:00,2023/1/19 23:00,0
2023/1/19 23:00,2023/1/20 0:00,0
2023/1/20 0:00,2023/1/20 1:00,0
2023/1/20 1:00,2023/1/20 2:00,0
2023/1/20 2:00,2023/1/20 3:00,0
2023/1/20 3:00,2023/1/20 4:00,0
2023/1/20 4:00,2023/1/20 5:00,0
2023/1/20 5:00,2023/1/20 6:00,0
2023/1/20 6:00,2023/1/20 7:00,0
2023/1/20 7:00,2023/1/20 8:00,0
2023/1/20 8:00,2023/1/20 9:00,11.1
2023/1/20 9:00,2023/1/20 10:00,23
2023/1/20 10:00,2023/1/20 11:00,30.4
2023/1/20 11:00,2023/1/20 12:00,29.4
2023/1/20 12:00,2023/1/20 13:00,19.8
2023/1/20 13:00,2023/1/20 14:00,0
2023/1/20 14:00,2023/1/20 15:00,0
2023/1/20 15:00,2023/1/20 16:00,0
2023/1/20 16:00,2023/1/20 17:00,0
2023/1/20 17:00,2023/1/20 18:00,0
2023/1/20 18:00,2023/1/20 19:00,0
2023/1/20 19:00,2023/1/20 20:00,0
2023/1/20 20:00,2023/1/20 21:00,0
2023/1/20 21:00,2023/1/20 22:00,0
2023/1/20 22:00,2023/1/20 23:00,0
2023/1/20 23:00,2023/1/21 0:00,0
2023/1/21 0:00,2023/1/21 1:00,0
2023/1/21 1:00,2023/1/21 2:00,0
2023/1/21 2:00,2023/1/21 3:00,0
2023/1/21 3:00,2023/1/21 4:00,0
2023/1/21 4:00,2023/1/21 5:00,0
2023/1/21 5:00,2023/1/21 6:00,0
2023/1/21 6:00,2023/1/21 7:00,0
2023/1/21 7:00,2023/1/21 8:00,0.2
2023/1/21 8:00,2023/1/21 9:00,16.8
2023/1/21 9:00,2023/1/21 10:00,34.2
2023/1/21 10:00,2023/1/21 11:00,36.1
2023/1/21 11:00,2023/1/21 12:00,30.5
2023/1/21 12:00,2023/1/21 13:00,25.2
2023/1/21 13:00,2023/1/21 14:00,0.5
2023/1/21 14:00,2023/1/21 15:00,0
2023/1/21 15:00,2023/1/21 16:00,0
2023/1/21 16:00,2023/1/21 17:00,0
2023/1/21 17:00,2023/1/21 18:00,0
2023/1/21 18:00,2023/1/21 19:00,0
2023/1/21 19:00,2023/1/21 20:00,0
2023/1/21 20:00,2023/1/21 21:00,0
2023/1/21 21:00,2023/1/21 22:00,0
2023/1/21 22:00,2023/1/21 23:00,0
2023/1/21 23:00,2023/1/22 0:00,0
2023/1/22 0:00,2023/1/22 1:00,0
2023/1/22 1:00,2023/1/22 2:00,0
2023/1/22 2:00,2023/1/22 3:00,0
2023/1/22 3:00,2023/1/22 4:00,0
2023/1/22 4:00,2023/1/22 5:00,0
2023/1/22 5:00,2023/1/22 6:00,0
2023/1/22 6:00,2023/1/22 7:00,0
2023/1/22 7:00,2023/1/22 8:00,0
2023/1/22 8:00,2023/1/22 9:00,9
2023/1/22 9:00,2023/1/22 10:00,19.4
2023/1/22 10:00,2023/1/22 11:00,24.4
2023/1/22 11:00,2023/1/22 12:00,24.1
2023/1/22 12:00,2023/1/22 13:00,13.7
2023/1/22 13:00,2023/1/22 14:00,0
2023/1/22 14:00,2023/1/22 15:00,0
2023/1/22 15:00,2023/1/22 16:00,0
2023/1/22 16:00,2023/1/22 17:00,0
2023/1/22 17:00,2023/1/22 18:00,0
2023/1/22 18:00,2023/1/22 19:00,0
2023/1/22 19:00,2023/1/22 20:00,0
2023/1/22 20:00,2023/1/22 21:00,0
2023/1/22 21:00,2023/1/22 22:00,0
2023/1/22 22:00,2023/1/22 23:00,0
2023/1/22 23:00,2023/1/23 0:00,0
2023/1/23 0:00,2023/1/23 1:00,0
2023/1/23 1:00,2023/1/23 2:00,0
2023/1/23 2:00,2023/1/23 3:00,0
2023/1/23 3:00,2023/1/23 4:00,0
2023/1/23 4:00,2023/1/23 5:00,0
2023/1/23 5:00,2023/1/23 6:00,0
2023/1/23 6:00,2023/1/23 7:00,0
2023/1/23 7:00,2023/1/23 8:00,0
2023/1/23 8:00,2023/1/23 9:00,9.9
2023/1/23 9:00,2023/1/23 10:00,22.6
2023/1/23 10:00,2023/1/23 11:00,26.5
2023/1/23 11:00,2023/1/23 12:00,26.9
2023/1/23 12:00,2023/1/23 13:00,17
2023/1/23 13:00,2023/1/23 14:00,0.8
2023/1/23 14:00,2023/1/23 15:00,0
2023/1/23 15:00,2023/1/23 16:00,0
2023/1/23 16:00,2023/1/23 17:00,0
2023/1/23 17:00,2023/1/23 18:00,0
2023/1/23 18:00,2023/1/23 19:00,0
2023/1/23 19:00,2023/1/23 20:00,0
2023/1/23 20:00,2023/1/23 21:00,0
2023/1/23 21:00,2023/1/23 22:00,0
2023/1/23 22:00,2023/1/23 23:00,0
2023/1/23 23:00,2023/1/24 0:00,0
2023/1/24 0:00,2023/1/24 1:00,0
2023/1/24 1:00,2023/1/24 2:00,0
2023/1/24 2:00,2023/1/24 3:00,0
2023/1/24 3:00,2023/1/24 4:00,0
2023/1/24 4:00,2023/1/24 5:00,0
2023/1/24 5:00,2023/1/24 6:00,0
2023/1/24 6:00,2023/1/24 7:00,0
2023/1/24 7:00,2023/1/24 8:00,0
2023/1/24 8:00,2023/1/24 9:00,11.7
2023/1/24 9:00,2023/1/24 10:00,26.7
2023/1/24 10:00,2023/1/24 11:00,33.5
2023/1/24 11:00,2023/1/24 12:00,29.9
2023/1/24 12:00,2023/1/24 13:00,23.2
2023/1/24 13:00,2023/1/24 14:00,1.8
2023/1/24 14:00,2023/1/24 15:00,0
2023/1/24 15:00,2023/1/24 16:00,0
2023/1/24 16:00,2023/1/24 17:00,0
2023/1/24 17:00,2023/1/24 18:00,0
2023/1/24 18:00,2023/1/24 19:00,0
2023/1/24 19:00,2023/1/24 20:00,0
2023/1/24 20:00,2023/1/24 21:00,0
2023/1/24 21:00,2023/1/24 22:00,0
2023/1/24 22:00,2023/1/24 23:00,0
2023/1/24 23:00,2023/1/25 0:00,0
2023/1/25 0:00,2023/1/25 1:00,0
2023/1/25 1:00,2023/1/25 2:00,0
2023/1/25 2:00,2023/1/25 3:00,0
2023/1/25 3:00,2023/1/25 4:00,0
2023/1/25 4:00,2023/1/25 5:00,0
2023/1/25 5:00,2023/1/25 6:00,0
2023/1/25 6:00,2023/1/25 7:00,0
2023/1/25 7:00,2023/1/25 8:00,0
2023/1/25 8:00,2023/1/25 9:00,12.4
2023/1/25 9:00,2023/1/25 10:00,27.8
2023/1/25 10:00,2023/1/25 11:00,33.3
2023/1/25 11:00,2023/1/25 12:00,31.8
2023/1/25 12:00,2023/1/25 13:00,22.1
2023/1/25 13:00,2023/1/25 14:00,1.8
2023/1/25 14:00,2023/1/25 15:00,0
2023/1/25 15:00,2023/1/25 16:00,0
2023/1/25 16:00,2023/1/25 17:00,0
2023/1/25 17:00,2023/1/25 18:00,0
2023/1/25 18:00,2023/1/25 19:00,0
2023/1/25 19:00,2023/1/25 20:00,0
2023/1/25 20:00,2023/1/25 21:00,0
2023/1/25 21:00,2023/1/25 22:00,0
2023/1/25 22:00,2023/1/25 23:00,0
2023/1/25 23:00,2023/1/26 0:00,0
2023/1/26 0:00,2023/1/26 1:00,0
2023/1/26 1:00,2023/1/26 2:00,0
2023/1/26 2:00,2023/1/26 3:00,0
2023/1/26 3:00,2023/1/26 4:00,0
2023/1/26 4:00,2023/1/26 5:00,0
2023/1/26 5:00,2023/1/26 6:00,0
2023/1/26 6:00,2023/1/26 7:00,0
2023/1/26 7:00,2023/1/26 8:00,0
2023/1/26 8:00,2023/1/26 9:00,20.2
2023/1/26 9:00,2023/1/26 10:00,45.1
2023/1/26 10:00,2023/1/26 11:00,58
2023/1/26 11:00,2023/1/26 12:00,45.8
2023/1/26 12:00,2023/1/26 13:00,38.4
2023/1/26 13:00,2023/1/26 14:00,4.3
2023/1/26 14:00,2023/1/26 15:00,0
2023/1/26 15:00,2023/1/26 16:00,0
2023/1/26 16:00,2023/1/26 17:00,0
2023/1/26 17:00,2023/1/26 18:00,0
2023/1/26 18:00,2023/1/26 19:00,0
2023/1/26 19:00,2023/1/26 20:00,0
2023/1/26 20:00,2023/1/26 21:00,0
2023/1/26 21:00,2023/1/26 22:00,0
2023/1/26 22:00,2023/1/26 23:00,0
2023/1/26 23:00,2023/1/27 0:00,0
2023/1/27 0:00,2023/1/27 1:00,0
2023/1/27 1:00,2023/1/27 2:00,0
2023/1/27 2:00,2023/1/27 3:00,0
2023/1/27 3:00,2023/1/27 4:00,0
2023/1/27 4:00,2023/1/27 5:00,0
2023/1/27 5:00,2023/1/27 6:00,0
2023/1/27 6:00,2023/1/27 7:00,0
2023/1/27 7:00,2023/1/27 8:00,6.6
2023/1/27 8:00,2023/1/27 9:00,43.8
2023/1/27 9:00,2023/1/27 10:00,70.5
2023/1/27 10:00,2023/1/27 11:00,76.9
2023/1/27 11:00,2023/1/27 12:00,71.3
2023/1/27 12:00,2023/1/27 13:00,50.4
2023/1/27 13:00,2023/1/27 14:00,9.4
2023/1/27 14:00,2023/1/27 15:00,0
2023/1/27 15:00,2023/1/27 16:00,0
2023/1/27 16:00,2023/1/27 17:00,0
2023/1/27 17:00,2023/1/27 18:00,0
2023/1/27 18:00,2023/1/27 19:00,0
2023/1/27 19:00,2023/1/27 20:00,0
2023/1/27 20:00,2023/1/27 21:00,0
2023/1/27 21:00,2023/1/27 22:00,0
2023/1/27 22:00,2023/1/27 23:00,0
2023/1/27 23:00,2023/1/28 0:00,0
2023/1/28 0:00,2023/1/28 1:00,0
2023/1/28 1:00,2023/1/28 2:00,0
2023/1/28 2:00,2023/1/28 3:00,0
2023/1/28 3:00,2023/1/28 4:00,0
2023/1/28 4:00,2023/1/28 5:00,0
2023/1/28 5:00,2023/1/28 6:00,0
2023/1/28 6:00,2023/1/28 7:00,0
2023/1/28 7:00,2023/1/28 8:00,1.4
2023/1/28 8:00,2023/1/28 9:00,15.2
2023/1/28 9:00,2023/1/28 10:00,28.1
2023/1/28 10:00,2023/1/28 11:00,34.5
2023/1/28 11:00,2023/1/28 12:00,27.3
2023/1/28 12:00,2023/1/28 13:00,22.4
2023/1/28 13:00,2023/1/28 14:00,2.6
2023/1/28 14:00,2023/1/28 15:00,0
2023/1/28 15:00,2023/1/28 16:00,0
2023/1/28 16:00,2023/1/28 17:00,0
2023/1/28 17:00,2023/1/28 18:00,0
2023/1/28 18:00,2023/1/28 19:00,0
2023/1/28 19:00,2023/1/28 20:00,0
2023/1/28 20:00,2023/1/28 21:00,0
2023/1/28 21:00,2023/1/28 22:00,0
2023/1/28 22:00,2023/1/28 23:00,0
2023/1/28 23:00,2023/1/29 0:00,0
2023/1/29 0:00,2023/1/29 1:00,0
2023/1/29 1:00,2023/1/29 2:00,0
2023/1/29 2:00,2023/1/29 3:00,0
2023/1/29 3:00,2023/1/29 4:00,0
2023/1/29 4:00,2023/1/29 5:00,0
2023/1/29 5:00,2023/1/29 6:00,0
2023/1/29 6:00,2023/1/29 7:00,0
2023/1/29 7:00,2023/1/29 8:00,3.6
2023/1/29 8:00,2023/1/29 9:00,32.5
2023/1/29 9:00,2023/1/29 10:00,47.7
2023/1/29 10:00,2023/1/29 11:00,51.4
2023/1/29 11:00,2023/1/29 12:00,50.2
2023/1/29 12:00,2023/1/29 13:00,36.1
2023/1/29 13:00,2023/1/29 14:00,4
2023/1/29 14:00,2023/1/29 15:00,0
2023/1/29 15:00,2023/1/29 16:00,0
2023/1/29 16:00,2023/1/29 17:00,0
2023/1/29 17:00,2023/1/29 18:00,0
2023/1/29 18:00,2023/1/29 19:00,0
2023/1/29 19:00,2023/1/29 20:00,0
2023/1/29 20:00,2023/1/29 21:00,0
2023/1/29 21:00,2023/1/29 22:00,0
2023/1/29 22:00,2023/1/29 23:00,0
2023/1/29 23:00,2023/1/30 0:00,0
2023/1/30 0:00,2023/1/30 1:00,0
2023/1/30 1:00,2023/1/30 2:00,0
2023/1/30 2:00,2023/1/30 3:00,0
2023/1/30 3:00,2023/1/30 4:00,0
2023/1/30 4:00,2023/1/30 5:00,0
2023/1/30 5:00,2023/1/30 6:00,0
2023/1/30 6:00,2023/1/30 7:00,0
2023/1/30 7:00,2023/1/30 8:00,0
2023/1/30 8:00,2023/1/30 9:00,16.6
2023/1/30 9:00,2023/1/30 10:00,37.2
2023/1/30 10:00,2023/1/30 11:00,45.6
2023/1/30 11:00,2023/1/30 12:00,36.6
2023/1/30 12:00,2023/1/30 13:00,19.6
2023/1/30 13:00,2023/1/30 14:00,1.8
2023/1/30 14:00,2023/1/30 15:00,0
2023/1/30 15:00,2023/1/30 16:00,0
2023/1/30 16:00,2023/1/30 17:00,0
2023/1/30 17:00,2023/1/30 18:00,0
2023/1/30 18:00,2023/1/30 19:00,0
2023/1/30 19:00,2023/1/30 20:00,0
2023/1/30 20:00,2023/1/30 21:00,0
2023/1/30 21:00,2023/1/30 22:00,0
2023/1/30 22:00,2023/1/30 23:00,0
2023/1/30 23:00,2023/1/31 0:00,0
2023/1/31 0:00,2023/1/31 1:00,0
2023/1/31 1:00,2023/1/31 2:00,0
2023/1/31 2:00,2023/1/31 3:00,0
2023/1/31 3:00,2023/1/31 4:00,0
2023/1/31 4:00,2023/1/31 5:00,0
2023/1/31 5:00,2023/1/31 6:00,0
2023/1/31 6:00,2023/1/31 7:00,0
2023/1/31 7:00,2023/1/31 8:00,8.6
2023/1/31 8:00,2023/1/31 9:00,42
2023/1/31 9:00,2023/1/31 10:00,64
2023/1/31 10:00,2023/1/31 11:00,68.5
2023/1/31 11:00,2023/1/31 12:00,60.4
2023/1/31 12:00,2023/1/31 13:00,45
2023/1/31 13:00,2023/1/31 14:00,9.2
2023/1/31 14:00,2023/1/31 15:00,0
2023/1/31 15:00,2023/1/31 16:00,0
2023/1/31 16:00,2023/1/31 17:00,0
2023/1/31 17:00,2023/1/31 18:00,0
2023/1/31 18:00,2023/1/31 19:00,0
2023/1/31 19:00,2023/1/31 20:00,0
2023/1/31 20:00,2023/1/31 21:00,0
2023/1/31 21:00,2023/1/31 22:00,0
2023/1/31 22:00,2023/1/31 23:00,0
2023/1/31 23:00,2023/2/1 0:00,0
2023/2/1 0:00,2023/2/1 1:00,0
2023/2/1 1:00,2023/2/1 2:00,0
2023/2/1 2:00,2023/2/1 3:00,0
2023/2/1 3:00,2023/2/1 4:00,0
2023/2/1 4:00,2023/2/1 5:00,0
2023/2/1 5:00,2023/2/1 6:00,0
2023/2/1 6:00,2023/2/1 7:00,0
2023/2/1 7:00,2023/2/1 8:00,4.2
2023/2/1 8:00,2023/2/1 9:00,27.7
2023/2/1 9:00,2023/2/1 10:00,44.8
2023/2/1 10:00,2023/2/1 11:00,46.4
2023/2/1 11:00,2023/2/1 12:00,39.9
2023/2/1 12:00,2023/2/1 13:00,34.7
2023/2/1 13:00,2023/2/1 14:00,7.9
2023/2/1 14:00,2023/2/1 15:00,0
2023/2/1 15:00,2023/2/1 16:00,0
2023/2/1 16:00,2023/2/1 17:00,0
2023/2/1 17:00,2023/2/1 18:00,0
2023/2/1 18:00,2023/2/1 19:00,0
2023/2/1 19:00,2023/2/1 20:00,0
2023/2/1 20:00,2023/2/1 21:00,0
2023/2/1 21:00,2023/2/1 22:00,0
2023/2/1 22:00,2023/2/1 23:00,0
2023/2/1 23:00,2023/2/2 0:00,0
2023/2/2 0:00,2023/2/2 1:00,0
2023/2/2 1:00,2023/2/2 2:00,0
2023/2/2 2:00,2023/2/2 3:00,0
2023/2/2 3:00,2023/2/2 4:00,0
2023/2/2 4:00,2023/2/2 5:00,0
2023/2/2 5:00,2023/2/2 6:00,0
2023/2/2 6:00,2023/2/2 7:00,0
2023/2/2 7:00,2023/2/2 8:00,4
2023/2/2 8:00,2023/2/2 9:00,28.1
2023/2/2 9:00,2023/2/2 10:00,46.7
2023/2/2 10:00,2023/2/2 11:00,51.2
2023/2/2 11:00,2023/2/2 12:00,41.8
2023/2/2 12:00,2023/2/2 13:00,44.3
2023/2/2 13:00,2023/2/2 14:00,14.5
2023/2/2 14:00,2023/2/2 15:00,0
2023/2/2 15:00,2023/2/2 16:00,0
2023/2/2 16:00,2023/2/2 17:00,0
2023/2/2 17:00,2023/2/2 18:00,0
2023/2/2 18:00,2023/2/2 19:00,0
2023/2/2 19:00,2023/2/2 20:00,0
2023/2/2 20:00,2023/2/2 21:00,0
2023/2/2 21:00,2023/2/2 22:00,0
2023/2/2 22:00,2023/2/2 23:00,0
2023/2/2 23:00,2023/2/3 0:00,0
2023/2/3 0:00,2023/2/3 1:00,0
2023/2/3 1:00,2023/2/3 2:00,0
2023/2/3 2:00,2023/2/3 3:00,0
2023/2/3 3:00,2023/2/3 4:00,0
2023/2/3 4:00,2023/2/3 5:00,0
2023/2/3 5:00,2023/2/3 6:00,0
2023/2/3 6:00,2023/2/3 7:00,0
2023/2/3 7:00,2023/2/3 8:00,4.6
2023/2/3 8:00,2023/2/3 9:00,29.6
2023/2/3 9:00,2023/2/3 10:00,35.3
2023/2/3 10:00,2023/2/3 11:00,44
2023/2/3 11:00,2023/2/3 12:00,46.3
2023/2/3 12:00,2023/2/3 13:00,29.7
2023/2/3 13:00,2023/2/3 14:00,9.3
2023/2/3 14:00,2023/2/3 15:00,0
2023/2/3 15:00,2023/2/3 16:00,0
2023/2/3 16:00,2023/2/3 17:00,0
2023/2/3 17:00,2023/2/3 18:00,0
2023/2/3 18:00,2023/2/3 19:00,0
2023/2/3 19:00,2023/2/3 20:00,0
2023/2/3 20:00,2023/2/3 21:00,0
2023/2/3 21:00,2023/2/3 22:00,0
2023/2/3 22:00,2023/2/3 23:00,0
2023/2/3 23:00,2023/2/4 0:00,0
2023/2/4 0:00,2023/2/4 1:00,0
2023/2/4 1:00,2023/2/4 2:00,0
2023/2/4 2:00,2023/2/4 3:00,0
2023/2/4 3:00,2023/2/4 4:00,0
2023/2/4 4:00,2023/2/4 5:00,0
2023/2/4 5:00,2023/2/4 6:00,0
2023/2/4 6:00,2023/2/4 7:00,0
2023/2/4 7:00,2023/2/4 8:00,13.2
2023/2/4 8:00,2023/2/4 9:00,47
2023/2/4 9:00,2023/2/4 10:00,72
2023/2/4 10:00,2023/2/4 11:00,87.3
2023/2/4 11:00,2023/2/4 12:00,86.7
2023/2/4 12:00,2023/2/4 13:00,68.5
2023/2/4 13:00,2023/2/4 14:00,27.7
2023/2/4 14:00,2023/2/4 15:00,0
2023/2/4 15:00,2023/2/4 16:00,0
2023/2/4 16:00,2023/2/4 17:00,0
2023/2/4 17:00,2023/2/4 18:00,0
2023/2/4 18:00,2023/2/4 19:00,0
2023/2/4 19:00,2023/2/4 20:00,0
2023/2/4 20:00,2023/2/4 21:00,0
2023/2/4 21:00,2023/2/4 22:00,0
2023/2/4 22:00,2023/2/4 23:00,0
2023/2/4 23:00,2023/2/5 0:00,0
2023/2/5 0:00,2023/2/5 1:00,0
2023/2/5 1:00,2023/2/5 2:00,0
2023/2/5 2:00,2023/2/5 3:00,0
2023/2/5 3:00,2023/2/5 4:00,0
2023/2/5 4:00,2023/2/5 5:00,0
2023/2/5 5:00,2023/2/5 6:00,0
2023/2/5 6:00,2023/2/5 7:00,0
2023/2/5 7:00,2023/2/5 8:00,7
2023/2/5 8:00,2023/2/5 9:00,29.4
2023/2/5 9:00,2023/2/5 10:00,46.6
2023/2/5 10:00,2023/2/5 11:00,44.7
2023/2/5 11:00,2023/2/5 12:00,33.2
2023/2/5 12:00,2023/2/5 13:00,27.4
2023/2/5 13:00,2023/2/5 14:00,8.3
2023/2/5 14:00,2023/2/5 15:00,0
2023/2/5 15:00,2023/2/5 16:00,0
2023/2/5 16:00,2023/2/5 17:00,0
2023/2/5 17:00,2023/2/5 18:00,0
2023/2/5 18:00,2023/2/5 19:00,0
2023/2/5 19:00,2023/2/5 20:00,0
2023/2/5 20:00,2023/2/5 21:00,0
2023/2/5 21:00,2023/2/5 22:00,0
2023/2/5 22:00,2023/2/5 23:00,0
2023/2/5 23:00,2023/2/6 0:00,0
2023/2/6 0:00,2023/2/6 1:00,0
2023/2/6 1:00,2023/2/6 2:00,0
2023/2/6 2:00,2023/2/6 3:00,0
2023/2/6 3:00,2023/2/6 4:00,0
2023/2/6 4:00,2023/2/6 5:00,0
2023/2/6 5:00,2023/2/6 6:00,0
2023/2/6 6:00,2023/2/6 7:00,0
2023/2/6 7:00,2023/2/6 8:00,23.6
2023/2/6 8:00,2023/2/6 9:00,64.6
2023/2/6 9:00,2023/2/6 10:00,93.3
2023/2/6 10:00,2023/2/6 11:00,107.9
2023/2/6 11:00,2023/2/6 12:00,95.8
2023/2/6 12:00,2023/2/6 13:00,72.6
2023/2/6 13:00,2023/2/6 14:00,30.8
2023/2/6 14:00,2023/2/6 15:00,0
2023/2/6 15:00,2023/2/6 16:00,0
2023/2/6 16:00,2023/2/6 17:00,0
2023/2/6 17:00,2023/2/6 18:00,0
2023/2/6 18:00,2023/2/6 19:00,0
2023/2/6 19:00,2023/2/6 20:00,0
2023/2/6 20:00,2023/2/6 21:00,0
2023/2/6 21:00,2023/2/6 22:00,0
2023/2/6 22:00,2023/2/6 23:00,0
2023/2/6 23:00,2023/2/7 0:00,0
2023/2/7 0:00,2023/2/7 1:00,0
2023/2/7 1:00,2023/2/7 2:00,0
2023/2/7 2:00,2023/2/7 3:00,0
2023/2/7 3:00,2023/2/7 4:00,0
2023/2/7 4:00,2023/2/7 5:00,0
2023/2/7 5:00,2023/2/7 6:00,0
2023/2/7 6:00,2023/2/7 7:00,0
2023/2/7 7:00,2023/2/7 8:00,13.9
2023/2/7 8:00,2023/2/7 9:00,38.6
2023/2/7 9:00,2023/2/7 10:00,52.9
2023/2/7 10:00,2023/2/7 11:00,52.9
2023/2/7 11:00,2023/2/7 12:00,42.7
2023/2/7 12:00,2023/2/7 13:00,38.9
2023/2/7 13:00,2023/2/7 14:00,12.9
2023/2/7 14:00,2023/2/7 15:00,0
2023/2/7 15:00,2023/2/7 16:00,0
2023/2/7 16:00,2023/2/7 17:00,0
2023/2/7 17:00,2023/2/7 18:00,0
2023/2/7 18:00,2023/2/7 19:00,0
2023/2/7 19:00,2023/2/7 20:00,0
2023/2/7 20:00,2023/2/7 21:00,0
2023/2/7 21:00,2023/2/7 22:00,0
2023/2/7 22:00,2023/2/7 23:00,0
2023/2/7 23:00,2023/2/8 0:00,0
2023/2/8 0:00,2023/2/8 1:00,0
2023/2/8 1:00,2023/2/8 2:00,0
2023/2/8 2:00,2023/2/8 3:00,0
2023/2/8 3:00,2023/2/8 4:00,0
2023/2/8 4:00,2023/2/8 5:00,0
2023/2/8 5:00,2023/2/8 6:00,0
2023/2/8 6:00,2023/2/8 7:00,0
2023/2/8 7:00,2023/2/8 8:00,9
2023/2/8 8:00,2023/2/8 9:00,30.4
2023/2/8 9:00,2023/2/8 10:00,40.4
2023/2/8 10:00,2023/2/8 11:00,44.5
2023/2/8 11:00,2023/2/8 12:00,42.1
2023/2/8 12:00,2023/2/8 13:00,32.2
2023/2/8 13:00,2023/2/8 14:00,13.8
2023/2/8 14:00,2023/2/8 15:00,0
2023/2/8 15:00,2023/2/8 16:00,0
2023/2/8 16:00,2023/2/8 17:00,0
2023/2/8 17:00,2023/2/8 18:00,0
2023/2/8 18:00,2023/2/8 19:00,0
2023/2/8 19:00,2023/2/8 20:00,0
2023/2/8 20:00,2023/2/8 21:00,0
2023/2/8 21:00,2023/2/8 22:00,0
2023/2/8 22:00,2023/2/8 23:00,0
2023/2/8 23:00,2023/2/9 0:00,0
2023/2/9 0:00,2023/2/9 1:00,0
2023/2/9 1:00,2023/2/9 2:00,0
2023/2/9 2:00,2023/2/9 3:00,0
2023/2/9 3:00,2023/2/9 4:00,0
2023/2/9 4:00,2023/2/9 5:00,0
2023/2/9 5:00,2023/2/9 6:00,0
2023/2/9 6:00,2023/2/9 7:00,0
2023/2/9 7:00,2023/2/9 8:00,17.6
2023/2/9 8:00,2023/2/9 9:00,33.4
2023/2/9 9:00,2023/2/9 10:00,59.4
2023/2/9 10:00,2023/2/9 11:00,57.1
2023/2/9 11:00,2023/2/9 12:00,55.5
2023/2/9 12:00,2023/2/9 13:00,37.6
2023/2/9 13:00,2023/2/9 14:00,19.1
2023/2/9 14:00,2023/2/9 15:00,0
2023/2/9 15:00,2023/2/9 16:00,0
2023/2/9 16:00,2023/2/9 17:00,0
2023/2/9 17:00,2023/2/9 18:00,0
2023/2/9 18:00,2023/2/9 19:00,0
2023/2/9 19:00,2023/2/9 20:00,0
2023/2/9 20:00,2023/2/9 21:00,0
2023/2/9 21:00,2023/2/9 22:00,0
2023/2/9 22:00,2023/2/9 23:00,0
2023/2/9 23:00,2023/2/10 0:00,0
2023/2/10 0:00,2023/2/10 1:00,0
2023/2/10 1:00,2023/2/10 2:00,0
2023/2/10 2:00,2023/2/10 3:00,0
2023/2/10 3:00,2023/2/10 4:00,0
2023/2/10 4:00,2023/2/10 5:00,0
2023/2/10 5:00,2023/2/10 6:00,0
2023/2/10 6:00,2023/2/10 7:00,0
2023/2/10 7:00,2023/2/10 8:00,21.9
2023/2/10 8:00,2023/2/10 9:00,59
2023/2/10 9:00,2023/2/10 10:00,95.7
2023/2/10 10:00,2023/2/10 11:00,112.1
2023/2/10 11:00,2023/2/10 12:00,106.4
2023/2/10 12:00,2023/2/10 13:00,84.1
2023/2/10 13:00,2023/2/10 14:00,47.4
2023/2/10 14:00,2023/2/10 15:00,1.7
2023/2/10 15:00,2023/2/10 16:00,0
2023/2/10 16:00,2023/2/10 17:00,0
2023/2/10 17:00,2023/2/10 18:00,0
2023/2/10 18:00,2023/2/10 19:00,0
2023/2/10 19:00,2023/2/10 20:00,0
2023/2/10 20:00,2023/2/10 21:00,0
2023/2/10 21:00,2023/2/10 22:00,0
2023/2/10 22:00,2023/2/10 23:00,0
2023/2/10 23:00,2023/2/11 0:00,0
2023/2/11 0:00,2023/2/11 1:00,0
2023/2/11 1:00,2023/2/11 2:00,0
2023/2/11 2:00,2023/2/11 3:00,0
2023/2/11 3:00,2023/2/11 4:00,0
2023/2/11 4:00,2023/2/11 5:00,0
2023/2/11 5:00,2023/2/11 6:00,0
2023/2/11 6:00,2023/2/11 7:00,0.1
2023/2/11 7:00,2023/2/11 8:00,31.4
2023/2/11 8:00,2023/2/11 9:00,79.7
2023/2/11 9:00,2023/2/11 10:00,118.5
2023/2/11 10:00,2023/2/11 11:00,139.7
2023/2/11 11:00,2023/2/11 12:00,130.1
2023/2/11 12:00,2023/2/11 13:00,99.4
2023/2/11 13:00,2023/2/11 14:00,57.3
2023/2/11 14:00,2023/2/11 15:00,3.6
2023/2/11 15:00,2023/2/11 16:00,0
2023/2/11 16:00,2023/2/11 17:00,0
2023/2/11 17:00,2023/2/11 18:00,0
2023/2/11 18:00,2023/2/11 19:00,0
2023/2/11 19:00,2023/2/11 20:00,0
2023/2/11 20:00,2023/2/11 21:00,0
2023/2/11 21:00,2023/2/11 22:00,0
2023/2/11 22:00,2023/2/11 23:00,0
2023/2/11 23:00,2023/2/12 0:00,0
2023/2/12 0:00,2023/2/12 1:00,0
2023/2/12 1:00,2023/2/12 2:00,0
2023/2/12 2:00,2023/2/12 3:00,0
2023/2/12 3:00,2023/2/12 4:00,0
2023/2/12 4:00,2023/2/12 5:00,0
2023/2/12 5:00,2023/2/12 6:00,0
2023/2/12 6:00,2023/2/12 7:00,0.6
2023/2/12 7:00,2023/2/12 8:00,16.1
2023/2/12 8:00,2023/2/12 9:00,34.6
2023/2/12 9:00,2023/2/12 10:00,56.7
2023/2/12 10:00,2023/2/12 11:00,68.7
2023/2/12 11:00,2023/2/12 12:00,51.6
2023/2/12 12:00,2023/2/12 13:00,50
2023/2/12 13:00,2023/2/12 14:00,28.3
2023/2/12 14:00,2023/2/12 15:00,0.9
2023/2/12 15:00,2023/2/12 16:00,0
2023/2/12 16:00,2023/2/12 17:00,0
2023/2/12 17:00,2023/2/12 18:00,0
2023/2/12 18:00,2023/2/12 19:00,0
2023/2/12 19:00,2023/2/12 20:00,0
2023/2/12 20:00,2023/2/12 21:00,0
2023/2/12 21:00,2023/2/12 22:00,0
2023/2/12 22:00,2023/2/12 23:00,0
2023/2/12 23:00,2023/2/13 0:00,0
2023/2/13 0:00,2023/2/13 1:00,0
2023/2/13 1:00,2023/2/13 2:00,0
2023/2/13 2:00,2023/2/13 3:00,0
2023/2/13 3:00,2023/2/13 4:00,0
2023/2/13 4:00,2023/2/13 5:00,0
2023/2/13 5:00,2023/2/13 6:00,0
2023/2/13 6:00,2023/2/13 7:00,0.7
2023/2/13 7:00,2023/2/13 8:00,32.1
2023/2/13 8:00,2023/2/13 9:00,64.8
2023/2/13 9:00,2023/2/13 10:00,95.6
2023/2/13 10:00,2023/2/13 11:00,110.4
2023/2/13 11:00,2023/2/13 12:00,91.7
2023/2/13 12:00,2023/2/13 13:00,76.6
2023/2/13 13:00,2023/2/13 14:00,49.3
2023/2/13 14:00,2023/2/13 15:00,2.9
2023/2/13 15:00,2023/2/13 16:00,0
2023/2/13 16:00,2023/2/13 17:00,0
2023/2/13 17:00,2023/2/13 18:00,0
2023/2/13 18:00,2023/2/13 19:00,0
2023/2/13 19:00,2023/2/13 20:00,0
2023/2/13 20:00,2023/2/13 21:00,0
2023/2/13 21:00,2023/2/13 22:00,0
2023/2/13 22:00,2023/2/13 23:00,0
2023/2/13 23:00,2023/2/14 0:00,0
2023/2/14 0:00,2023/2/14 1:00,0
2023/2/14 1:00,2023/2/14 2:00,0
2023/2/14 2:00,2023/2/14 3:00,0
2023/2/14 3:00,2023/2/14 4:00,0
2023/2/14 4:00,2023/2/14 5:00,0
2023/2/14 5:00,2023/2/14 6:00,0
2023/2/14 6:00,2023/2/14 7:00,1.5
2023/2/14 7:00,2023/2/14 8:00,40.5
2023/2/14 8:00,2023/2/14 9:00,85.9
2023/2/14 9:00,2023/2/14 10:00,124.5
2023/2/14 10:00,2023/2/14 11:00,119.6
2023/2/14 11:00,2023/2/14 12:00,109
2023/2/14 12:00,2023/2/14 13:00,87.4
2023/2/14 13:00,2023/2/14 14:00,58.4
2023/2/14 14:00,2023/2/14 15:00,5.6
2023/2/14 15:00,2023/2/14 16:00,0
2023/2/14 16:00,2023/2/14 17:00,0
2023/2/14 17:00,2023/2/14 18:00,0
2023/2/14 18:00,2023/2/14 19:00,0
2023/2/14 19:00,2023/2/14 20:00,0
2023/2/14 20:00,2023/2/14 21:00,0
2023/2/14 21:00,2023/2/14 22:00,0
2023/2/14 22:00,2023/2/14 23:00,0
2023/2/14 23:00,2023/2/15 0:00,0
2023/2/15 0:00,2023/2/15 1:00,0
2023/2/15 1:00,2023/2/15 2:00,0
2023/2/15 2:00,2023/2/15 3:00,0
2023/2/15 3:00,2023/2/15 4:00,0
2023/2/15 4:00,2023/2/15 5:00,0
2023/2/15 5:00,2023/2/15 6:00,0
2023/2/15 6:00,2023/2/15 7:00,2.3
2023/2/15 7:00,2023/2/15 8:00,27.5
2023/2/15 8:00,2023/2/15 9:00,70.4
2023/2/15 9:00,2023/2/15 10:00,86
2023/2/15 10:00,2023/2/15 11:00,95
2023/2/15 11:00,2023/2/15 12:00,91
2023/2/15 12:00,2023/2/15 13:00,46.3
2023/2/15 13:00,2023/2/15 14:00,27.6
2023/2/15 14:00,2023/2/15 15:00,0.4
2023/2/15 15:00,2023/2/15 16:00,0
2023/2/15 16:00,2023/2/15 17:00,0
2023/2/15 17:00,2023/2/15 18:00,0
2023/2/15 18:00,2023/2/15 19:00,0
2023/2/15 19:00,2023/2/15 20:00,0
2023/2/15 20:00,2023/2/15 21:00,0
2023/2/15 21:00,2023/2/15 22:00,0
2023/2/15 22:00,2023/2/15 23:00,0
2023/2/15 23:00,2023/2/16 0:00,0
2023/2/16 0:00,2023/2/16 1:00,0
2023/2/16 1:00,2023/2/16 2:00,0
2023/2/16 2:00,2023/2/16 3:00,0
2023/2/16 3:00,2023/2/16 4:00,0
2023/2/16 4:00,2023/2/16 5:00,0
2023/2/16 5:00,2023/2/16 6:00,0
2023/2/16 6:00,2023/2/16 7:00,0
2023/2/16 7:00,2023/2/16 8:00,13.5
2023/2/16 8:00,2023/2/16 9:00,29.3
2023/2/16 9:00,2023/2/16 10:00,42.7
2023/2/16 10:00,2023/2/16 11:00,46.5
2023/2/16 11:00,2023/2/16 12:00,39.2
2023/2/16 12:00,2023/2/16 13:00,30.1
2023/2/16 13:00,2023/2/16 14:00,18.2
2023/2/16 14:00,2023/2/16 15:00,0
2023/2/16 15:00,2023/2/16 16:00,0
2023/2/16 16:00,2023/2/16 17:00,0
2023/2/16 17:00,2023/2/16 18:00,0
2023/2/16 18:00,2023/2/16 19:00,0
2023/2/16 19:00,2023/2/16 20:00,0
2023/2/16 20:00,2023/2/16 21:00,0
2023/2/16 21:00,2023/2/16 22:00,0
2023/2/16 22:00,2023/2/16 23:00,0
2023/2/16 23:00,2023/2/17 0:00,0
2023/2/17 0:00,2023/2/17 1:00,0
2023/2/17 1:00,2023/2/17 2:00,0
2023/2/17 2:00,2023/2/17 3:00,0
2023/2/17 3:00,2023/2/17 4:00,0
2023/2/17 4:00,2023/2/17 5:00,0
2023/2/17 5:00,2023/2/17 6:00,0
2023/2/17 6:00,2023/2/17 7:00,0
2023/2/17 7:00,2023/2/17 8:00,15.6
2023/2/17 8:00,2023/2/17 9:00,31.3
2023/2/17 9:00,2023/2/17 10:00,43.1
2023/2/17 10:00,2023/2/17 11:00,48.2
2023/2/17 11:00,2023/2/17 12:00,44.5
2023/2/17 12:00,2023/2/17 13:00,36
2023/2/17 13:00,2023/2/17 14:00,25
2023/2/17 14:00,2023/2/17 15:00,0
2023/2/17 15:00,2023/2/17 16:00,0
2023/2/17 16:00,2023/2/17 17:00,0
2023/2/17 17:00,2023/2/17 18:00,0
2023/2/17 18:00,2023/2/17 19:00,0
2023/2/17 19:00,2023/2/17 20:00,0
2023/2/17 20:00,2023/2/17 21:00,0
2023/2/17 21:00,2023/2/17 22:00,0
2023/2/17 22:00,2023/2/17 23:00,0
2023/2/17 23:00,2023/2/18 0:00,0
2023/2/18 0:00,2023/2/18 1:00,0
2023/2/18 1:00,2023/2/18 2:00,0
2023/2/18 2:00,2023/2/18 3:00,0
2023/2/18 3:00,2023/2/18 4:00,0
2023/2/18 4:00,2023/2/18 5:00,0
2023/2/18 5:00,2023/2/18 6:00,0
2023/2/18 6:00,2023/2/18 7:00,0
2023/2/18 7:00,2023/2/18 8:00,15.8
2023/2/18 8:00,2023/2/18 9:00,32.4
2023/2/18 9:00,2023/2/18 10:00,52.2
2023/2/18 10:00,2023/2/18 11:00,54.6
2023/2/18 11:00,2023/2/18 12:00,42.7
2023/2/18 12:00,2023/2/18 13:00,33.2
2023/2/18 13:00,2023/2/18 14:00,22.3
2023/2/18 14:00,2023/2/18 15:00,1
2023/2/18 15:00,2023/2/18 16:00,0
2023/2/18 16:00,2023/2/18 17:00,0
2023/2/18 17:00,2023/2/18 18:00,0
2023/2/18 18:00,2023/2/18 19:00,0
2023/2/18 19:00,2023/2/18 20:00,0
2023/2/18 20:00,2023/2/18 21:00,0
2023/2/18 21:00,2023/2/18 22:00,0
2023/2/18 22:00,2023/2/18 23:00,0
2023/2/18 23:00,2023/2/19 0:00,0
2023/2/19 0:00,2023/2/19 1:00,0
2023/2/19 1:00,2023/2/19 2:00,0
2023/2/19 2:00,2023/2/19 3:00,0
2023/2/19 3:00,2023/2/19 4:00,0
2023/2/19 4:00,2023/2/19 5:00,0
2023/2/19 5:00,2023/2/19 6:00,0
2023/2/19 6:00,2023/2/19 7:00,1
2023/2/19 7:00,2023/2/19 8:00,23.6
2023/2/19 8:00,2023/2/19 9:00,40.7
2023/2/19 9:00,2023/2/19 10:00,52.9
2023/2/19 10:00,2023/2/19 11:00,57.5
2023/2/19 11:00,2023/2/19 12:00,55.6
2023/2/19 12:00,2023/2/19 13:00,44.1
2023/2/19 13:00,2023/2/19 14:00,30.9
2023/2/19 14:00,2023/2/19 15:00,2.8
2023/2/19 15:00,2023/2/19 16:00,0
2023/2/19 16:00,2023/2/19 17:00,0
2023/2/19 17:00,2023/2/19 18:00,0
2023/2/19 18:00,2023/2/19 19:00,0
2023/2/19 19:00,2023/2/19 20:00,0
2023/2/19 20:00,2023/2/19 21:00,0
2023/2/19 21:00,2023/2/19 22:00,0
2023/2/19 22:00,2023/2/19 23:00,0
2023/2/19 23:00,2023/2/20 0:00,0
2023/2/20 0:00,2023/2/20 1:00,0
2023/2/20 1:00,2023/2/20 2:00,0
2023/2/20 2:00,2023/2/20 3:00,0
2023/2/20 3:00,2023/2/20 4:00,0
2023/2/20 4:00,2023/2/20 5:00,0
2023/2/20 5:00,2023/2/20 6:00,0
2023/2/20 6:00,2023/2/20 7:00,3.4
2023/2/20 7:00,2023/2/20 8:00,29.7
2023/2/20 8:00,2023/2/20 9:00,47.4
2023/2/20 9:00,2023/2/20 10:00,52.6
2023/2/20 10:00,2023/2/20 11:00,53.4
2023/2/20 11:00,2023/2/20 12:00,53.6
2023/2/20 12:00,2023/2/20 13:00,42.4
2023/2/20 13:00,2023/2/20 14:00,28
2023/2/20 14:00,2023/2/20 15:00,1
2023/2/20 15:00,2023/2/20 16:00,0
2023/2/20 16:00,2023/2/20 17:00,0
2023/2/20 17:00,2023/2/20 18:00,0
2023/2/20 18:00,2023/2/20 19:00,0
2023/2/20 19:00,2023/2/20 20:00,0
2023/2/20 20:00,2023/2/20 21:00,0
2023/2/20 21:00,2023/2/20 22:00,0
2023/2/20 22:00,2023/2/20 23:00,0
2023/2/20 23:00,2023/2/21 0:00,0
2023/2/21 0:00,2023/2/21 1:00,0
2023/2/21 1:00,2023/2/21 2:00,0
2023/2/21 2:00,2023/2/21 3:00,0
2023/2/21 3:00,2023/2/21 4:00,0
2023/2/21 4:00,2023/2/21 5:00,0
2023/2/21 5:00,2023/2/21 6:00,0
2023/2/21 6:00,2023/2/21 7:00,5.5
2023/2/21 7:00,2023/2/21 8:00,36
2023/2/21 8:00,2023/2/21 9:00,63
2023/2/21 9:00,2023/2/21 10:00,67.2
2023/2/21 10:00,2023/2/21 11:00,72.7
2023/2/21 11:00,2023/2/21 12:00,81.9
2023/2/21 12:00,2023/2/21 13:00,66
2023/2/21 13:00,2023/2/21 14:00,42.8
2023/2/21 14:00,2023/2/21 15:00,8.7
2023/2/21 15:00,2023/2/21 16:00,0
2023/2/21 16:00,2023/2/21 17:00,0
2023/2/21 17:00,2023/2/21 18:00,0
2023/2/21 18:00,2023/2/21 19:00,0
2023/2/21 19:00,2023/2/21 20:00,0
2023/2/21 20:00,2023/2/21 21:00,0
2023/2/21 21:00,2023/2/21 22:00,0
2023/2/21 22:00,2023/2/21 23:00,0
2023/2/21 23:00,2023/2/22 0:00,0
2023/2/22 0:00,2023/2/22 1:00,0
2023/2/22 1:00,2023/2/22 2:00,0
2023/2/22 2:00,2023/2/22 3:00,0
2023/2/22 3:00,2023/2/22 4:00,0
2023/2/22 4:00,2023/2/22 5:00,0
2023/2/22 5:00,2023/2/22 6:00,0
2023/2/22 6:00,2023/2/22 7:00,14.2
2023/2/22 7:00,2023/2/22 8:00,66.8
2023/2/22 8:00,2023/2/22 9:00,125.5
2023/2/22 9:00,2023/2/22 10:00,156.3
2023/2/22 10:00,2023/2/22 11:00,170.2
2023/2/22 11:00,2023/2/22 12:00,158.2
2023/2/22 12:00,2023/2/22 13:00,132.8
2023/2/22 13:00,2023/2/22 14:00,85.2
2023/2/22 14:00,2023/2/22 15:00,28.3
2023/2/22 15:00,2023/2/22 16:00,0
2023/2/22 16:00,2023/2/22 17:00,0
2023/2/22 17:00,2023/2/22 18:00,0
2023/2/22 18:00,2023/2/22 19:00,0
2023/2/22 19:00,2023/2/22 20:00,0
2023/2/22 20:00,2023/2/22 21:00,0
2023/2/22 21:00,2023/2/22 22:00,0
2023/2/22 22:00,2023/2/22 23:00,0
2023/2/22 23:00,2023/2/23 0:00,0
2023/2/23 0:00,2023/2/23 1:00,0
2023/2/23 1:00,2023/2/23 2:00,0
2023/2/23 2:00,2023/2/23 3:00,0
2023/2/23 3:00,2023/2/23 4:00,0
2023/2/23 4:00,2023/2/23 5:00,0
2023/2/23 5:00,2023/2/23 6:00,0
2023/2/23 6:00,2023/2/23 7:00,3.4
2023/2/23 7:00,2023/2/23 8:00,26.6
2023/2/23 8:00,2023/2/23 9:00,38.7
2023/2/23 9:00,2023/2/23 10:00,57.8
2023/2/23 10:00,2023/2/23 11:00,60.4
2023/2/23 11:00,2023/2/23 12:00,51.4
2023/2/23 12:00,2023/2/23 13:00,49.9
2023/2/23 13:00,2023/2/23 14:00,35.8
2023/2/23 14:00,2023/2/23 15:00,9.1
2023/2/23 15:00,2023/2/23 16:00,0
2023/2/23 16:00,2023/2/23 17:00,0
2023/2/23 17:00,2023/2/23 18:00,0
2023/2/23 18:00,2023/2/23 19:00,0
2023/2/23 19:00,2023/2/23 20:00,0
2023/2/23 20:00,2023/2/23 21:00,0
2023/2/23 21:00,2023/2/23 22:00,0
2023/2/23 22:00,2023/2/23 23:00,0
2023/2/23 23:00,2023/2/24 0:00,0
2023/2/24 0:00,2023/2/24 1:00,0
2023/2/24 1:00,2023/2/24 2:00,0
2023/2/24 2:00,2023/2/24 3:00,0
2023/2/24 3:00,2023/2/24 4:00,0
2023/2/24 4:00,2023/2/24 5:00,0
2023/2/24 5:00,2023/2/24 6:00,0
2023/2/24 6:00,2023/2/24 7:00,10.5
2023/2/24 7:00,2023/2/24 8:00,42.3
2023/2/24 8:00,2023/2/24 9:00,74.5
2023/2/24 9:00,2023/2/24 10:00,99.8
2023/2/24 10:00,2023/2/24 11:00,98.6
2023/2/24 11:00,2023/2/24 12:00,99.7
2023/2/24 12:00,2023/2/24 13:00,82.6
2023/2/24 13:00,2023/2/24 14:00,50.2
2023/2/24 14:00,2023/2/24 15:00,19.4
2023/2/24 15:00,2023/2/24 16:00,0
2023/2/24 16:00,2023/2/24 17:00,0
2023/2/24 17:00,2023/2/24 18:00,0
2023/2/24 18:00,2023/2/24 19:00,0
2023/2/24 19:00,2023/2/24 20:00,0
2023/2/24 20:00,2023/2/24 21:00,0
2023/2/24 21:00,2023/2/24 22:00,0
2023/2/24 22:00,2023/2/24 23:00,0
2023/2/24 23:00,2023/2/25 0:00,0
2023/2/25 0:00,2023/2/25 1:00,0
2023/2/25 1:00,2023/2/25 2:00,0
2023/2/25 2:00,2023/2/25 3:00,0
2023/2/25 3:00,2023/2/25 4:00,0
2023/2/25 4:00,2023/2/25 5:00,0
2023/2/25 5:00,2023/2/25 6:00,0
2023/2/25 6:00,2023/2/25 7:00,9.9
2023/2/25 7:00,2023/2/25 8:00,41.8
2023/2/25 8:00,2023/2/25 9:00,72.9
2023/2/25 9:00,2023/2/25 10:00,97.4
2023/2/25 10:00,2023/2/25 11:00,113.3
2023/2/25 11:00,2023/2/25 12:00,114.2
2023/2/25 12:00,2023/2/25 13:00,101.9
2023/2/25 13:00,2023/2/25 14:00,70
2023/2/25 14:00,2023/2/25 15:00,30.6
2023/2/25 15:00,2023/2/25 16:00,0
2023/2/25 16:00,2023/2/25 17:00,0
2023/2/25 17:00,2023/2/25 18:00,0
2023/2/25 18:00,2023/2/25 19:00,0
2023/2/25 19:00,2023/2/25 20:00,0
2023/2/25 20:00,2023/2/25 21:00,0
2023/2/25 21:00,2023/2/25 22:00,0
2023/2/25 22:00,2023/2/25 23:00,0
2023/2/25 23:00,2023/2/26 0:00,0
2023/2/26 0:00,2023/2/26 1:00,0
2023/2/26 1:00,2023/2/26 2:00,0
2023/2/26 2:00,2023/2/26 3:00,0
2023/2/26 3:00,2023/2/26 4:00,0
2023/2/26 4:00,2023/2/26 5:00,0
2023/2/26 5:00,2023/2/26 6:00,0
2023/2/26 6:00,2023/2/26 7:00,22.6
2023/2/26 7:00,2023/2/26 8:00,74.3
2023/2/26 8:00,2023/2/26 9:00,136.8
2023/2/26 9:00,2023/2/26 10:00,157.9
2023/2/26 10:00,2023/2/26 11:00,176.9
2023/2/26 11:00,2023/2/26 12:00,178.2
2023/2/26 12:00,2023/2/26 13:00,157.2
2023/2/26 13:00,2023/2/26 14:00,104.9
2023/2/26 14:00,2023/2/26 15:00,43.6
2023/2/26 15:00,2023/2/26 16:00,0
2023/2/26 16:00,2023/2/26 17:00,0
2023/2/26 17:00,2023/2/26 18:00,0
2023/2/26 18:00,2023/2/26 19:00,0
2023/2/26 19:00,2023/2/26 20:00,0
2023/2/26 20:00,2023/2/26 21:00,0
2023/2/26 21:00,2023/2/26 22:00,0
2023/2/26 22:00,2023/2/26 23:00,0
2023/2/26 23:00,2023/2/27 0:00,0
2023/2/27 0:00,2023/2/27 1:00,0
2023/2/27 1:00,2023/2/27 2:00,0
2023/2/27 2:00,2023/2/27 3:00,0
2023/2/27 3:00,2023/2/27 4:00,0
2023/2/27 4:00,2023/2/27 5:00,0
2023/2/27 5:00,2023/2/27 6:00,0
2023/2/27 6:00,2023/2/27 7:00,24.8
2023/2/27 7:00,2023/2/27 8:00,65.3
2023/2/27 8:00,2023/2/27 9:00,100.6
2023/2/27 9:00,2023/2/27 10:00,117.2
2023/2/27 10:00,2023/2/27 11:00,135.5
2023/2/27 11:00,2023/2/27 12:00,143.6
2023/2/27 12:00,2023/2/27 13:00,133.8
2023/2/27 13:00,2023/2/27 14:00,93.8
2023/2/27 14:00,2023/2/27 15:00,41.3
2023/2/27 15:00,2023/2/27 16:00,0
2023/2/27 16:00,2023/2/27 17:00,0
2023/2/27 17:00,2023/2/27 18:00,0
2023/2/27 18:00,2023/2/27 19:00,0
2023/2/27 19:00,2023/2/27 20:00,0
2023/2/27 20:00,2023/2/27 21:00,0
2023/2/27 21:00,2023/2/27 22:00,0
2023/2/27 22:00,2023/2/27 23:00,0
2023/2/27 23:00,2023/2/28 0:00,0
2023/2/28 0:00,2023/2/28 1:00,0
2023/2/28 1:00,2023/2/28 2:00,0
2023/2/28 2:00,2023/2/28 3:00,0
2023/2/28 3:00,2023/2/28 4:00,0
2023/2/28 4:00,2023/2/28 5:00,0
2023/2/28 5:00,2023/2/28 6:00,0
2023/2/28 6:00,2023/2/28 7:00,34.2
2023/2/28 7:00,2023/2/28 8:00,91.7
2023/2/28 8:00,2023/2/28 9:00,130.3
2023/2/28 9:00,2023/2/28 10:00,155.1
2023/2/28 10:00,2023/2/28 11:00,157.5
2023/2/28 11:00,2023/2/28 12:00,151.8
2023/2/28 12:00,2023/2/28 13:00,128.1
2023/2/28 13:00,2023/2/28 14:00,87.8
2023/2/28 14:00,2023/2/28 15:00,33.1
2023/2/28 15:00,2023/2/28 16:00,0
2023/2/28 16:00,2023/2/28 17:00,0
2023/2/28 17:00,2023/2/28 18:00,0
2023/2/28 18:00,2023/2/28 19:00,0
2023/2/28 19:00,2023/2/28 20:00,0
2023/2/28 20:00,2023/2/28 21:00,0
2023/2/28 21:00,2023/2/28 22:00,0
2023/2/28 22:00,2023/2/28 23:00,0
2023/2/28 23:00,2023/3/1 0:00,0
2023/3/1 0:00,2023/3/1 1:00,0
2023/3/1 1:00,2023/3/1 2:00,0
2023/3/1 2:00,2023/3/1 3:00,0
2023/3/1 3:00,2023/3/1 4:00,0
2023/3/1 4:00,2023/3/1 5:00,0
2023/3/1 5:00,2023/3/1 6:00,0
2023/3/1 6:00,2023/3/1 7:00,22.5
2023/3/1 7:00,2023/3/1 8:00,55.6
2023/3/1 8:00,2023/3/1 9:00,109.8
2023/3/1 9:00,2023/3/1 10:00,148.9
2023/3/1 10:00,2023/3/1 11:00,163.8
2023/3/1 11:00,2023/3/1 12:00,152.1
2023/3/1 12:00,2023/3/1 13:00,128.2
2023/3/1 13:00,2023/3/1 14:00,86
2023/3/1 14:00,2023/3/1 15:00,39.9
2023/3/1 15:00,2023/3/1 16:00,0.5
2023/3/1 16:00,2023/3/1 17:00,0
2023/3/1 17:00,2023/3/1 18:00,0
2023/3/1 18:00,2023/3/1 19:00,0
2023/3/1 19:00,2023/3/1 20:00,0
2023/3/1 20:00,2023/3/1 21:00,0
2023/3/1 21:00,2023/3/1 22:00,0
2023/3/1 22:00,2023/3/1 23:00,0
2023/3/1 23:00,2023/3/2 0:00,0
2023/3/2 0:00,2023/3/2 1:00,0
2023/3/2 1:00,2023/3/2 2:00,0
2023/3/2 2:00,2023/3/2 3:00,0
2023/3/2 3:00,2023/3/2 4:00,0
2023/3/2 4:00,2023/3/2 5:00,0
2023/3/2 5:00,2023/3/2 6:00,0.1
2023/3/2 6:00,2023/3/2 7:00,43.7
2023/3/2 7:00,2023/3/2 8:00,104.9
2023/3/2 8:00,2023/3/2 9:00,150.6
2023/3/2 9:00,2023/3/2 10:00,177.9
2023/3/2 10:00,2023/3/2 11:00,180.3
2023/3/2 11:00,2023/3/2 12:00,179.1
2023/3/2 12:00,2023/3/2 13:00,155.7
2023/3/2 13:00,2023/3/2 14:00,96.6
2023/3/2 14:00,2023/3/2 15:00,50.9
2023/3/2 15:00,2023/3/2 16:00,2.6
2023/3/2 16:00,2023/3/2 17:00,0
2023/3/2 17:00,2023/3/2 18:00,0
2023/3/2 18:00,2023/3/2 19:00,0
2023/3/2 19:00,2023/3/2 20:00,0
2023/3/2 20:00,2023/3/2 21:00,0
2023/3/2 21:00,2023/3/2 22:00,0
2023/3/2 22:00,2023/3/2 23:00,0
2023/3/2 23:00,2023/3/3 0:00,0
2023/3/3 0:00,2023/3/3 1:00,0
2023/3/3 1:00,2023/3/3 2:00,0
2023/3/3 2:00,2023/3/3 3:00,0
2023/3/3 3:00,2023/3/3 4:00,0
2023/3/3 4:00,2023/3/3 5:00,0
2023/3/3 5:00,2023/3/3 6:00,0.2
2023/3/3 6:00,2023/3/3 7:00,50
2023/3/3 7:00,2023/3/3 8:00,107.1
2023/3/3 8:00,2023/3/3 9:00,150.2
2023/3/3 9:00,2023/3/3 10:00,171.9
2023/3/3 10:00,2023/3/3 11:00,142.1
2023/3/3 11:00,2023/3/3 12:00,129.8
2023/3/3 12:00,2023/3/3 13:00,101.3
2023/3/3 13:00,2023/3/3 14:00,63.2
2023/3/3 14:00,2023/3/3 15:00,28.8
2023/3/3 15:00,2023/3/3 16:00,0.6
2023/3/3 16:00,2023/3/3 17:00,0
2023/3/3 17:00,2023/3/3 18:00,0
2023/3/3 18:00,2023/3/3 19:00,0
2023/3/3 19:00,2023/3/3 20:00,0
2023/3/3 20:00,2023/3/3 21:00,0
2023/3/3 21:00,2023/3/3 22:00,0
2023/3/3 22:00,2023/3/3 23:00,0
2023/3/3 23:00,2023/3/4 0:00,0
2023/3/4 0:00,2023/3/4 1:00,0
2023/3/4 1:00,2023/3/4 2:00,0
2023/3/4 2:00,2023/3/4 3:00,0
2023/3/4 3:00,2023/3/4 4:00,0
2023/3/4 4:00,2023/3/4 5:00,0
2023/3/4 5:00,2023/3/4 6:00,0.2
2023/3/4 6:00,2023/3/4 7:00,21.6
2023/3/4 7:00,2023/3/4 8:00,50.8
2023/3/4 8:00,2023/3/4 9:00,77.8
2023/3/4 9:00,2023/3/4 10:00,82.3
2023/3/4 10:00,2023/3/4 11:00,91.7
2023/3/4 11:00,2023/3/4 12:00,103.7
2023/3/4 12:00,2023/3/4 13:00,93.3
2023/3/4 13:00,2023/3/4 14:00,68.7
2023/3/4 14:00,2023/3/4 15:00,38.6
2023/3/4 15:00,2023/3/4 16:00,1.5
2023/3/4 16:00,2023/3/4 17:00,0
2023/3/4 17:00,2023/3/4 18:00,0
2023/3/4 18:00,2023/3/4 19:00,0
2023/3/4 19:00,2023/3/4 20:00,0
2023/3/4 20:00,2023/3/4 21:00,0
2023/3/4 21:00,2023/3/4 22:00,0
2023/3/4 22:00,2023/3/4 23:00,0
2023/3/4 23:00,2023/3/5 0:00,0
2023/3/5 0:00,2023/3/5 1:00,0
2023/3/5 1:00,2023/3/5 2:00,0
2023/3/5 2:00,2023/3/5 3:00,0
2023/3/5 3:00,2023/3/5 4:00,0
2023/3/5 4:00,2023/3/5 5:00,0
2023/3/5 5:00,2023/3/5 6:00,0.5
2023/3/5 6:00,2023/3/5 7:00,29.6
2023/3/5 7:00,2023/3/5 8:00,66
2023/3/5 8:00,2023/3/5 9:00,97.1
2023/3/5 9:00,2023/3/5 10:00,107.1
2023/3/5 10:00,2023/3/5 11:00,109.4
2023/3/5 11:00,2023/3/5 12:00,100.4
2023/3/5 12:00,2023/3/5 13:00,92.7
2023/3/5 13:00,2023/3/5 14:00,64.8
2023/3/5 14:00,2023/3/5 15:00,38.7
2023/3/5 15:00,2023/3/5 16:00,0.7
2023/3/5 16:00,2023/3/5 17:00,0
2023/3/5 17:00,2023/3/5 18:00,0
2023/3/5 18:00,2023/3/5 19:00,0
2023/3/5 19:00,2023/3/5 20:00,0
2023/3/5 20:00,2023/3/5 21:00,0
2023/3/5 21:00,2023/3/5 22:00,0
2023/3/5 22:00,2023/3/5 23:00,0
2023/3/5 23:00,2023/3/6 0:00,0
2023/3/6 0:00,2023/3/6 1:00,0
2023/3/6 1:00,2023/3/6 2:00,0
2023/3/6 2:00,2023/3/6 3:00,0
2023/3/6 3:00,2023/3/6 4:00,0
2023/3/6 4:00,2023/3/6 5:00,0
2023/3/6 5:00,2023/3/6 6:00,0.1
2023/3/6 6:00,2023/3/6 7:00,41.3
2023/3/6 7:00,2023/3/6 8:00,83.6
2023/3/6 8:00,2023/3/6 9:00,96.2
2023/3/6 9:00,2023/3/6 10:00,112.6
2023/3/6 10:00,2023/3/6 11:00,94
2023/3/6 11:00,2023/3/6 12:00,93.4
2023/3/6 12:00,2023/3/6 13:00,118.3
2023/3/6 13:00,2023/3/6 14:00,87.1
2023/3/6 14:00,2023/3/6 15:00,52.2
2023/3/6 15:00,2023/3/6 16:00,2.3
2023/3/6 16:00,2023/3/6 17:00,0
2023/3/6 17:00,2023/3/6 18:00,0
2023/3/6 18:00,2023/3/6 19:00,0
2023/3/6 19:00,2023/3/6 20:00,0
2023/3/6 20:00,2023/3/6 21:00,0
2023/3/6 21:00,2023/3/6 22:00,0
2023/3/6 22:00,2023/3/6 23:00,0
2023/3/6 23:00,2023/3/7 0:00,0
2023/3/7 0:00,2023/3/7 1:00,0
2023/3/7 1:00,2023/3/7 2:00,0
2023/3/7 2:00,2023/3/7 3:00,0
2023/3/7 3:00,2023/3/7 4:00,0
2023/3/7 4:00,2023/3/7 5:00,0
2023/3/7 5:00,2023/3/7 6:00,4.5
2023/3/7 6:00,2023/3/7 7:00,58.6
2023/3/7 7:00,2023/3/7 8:00,117.1
2023/3/7 8:00,2023/3/7 9:00,165.4
2023/3/7 9:00,2023/3/7 10:00,187.9
2023/3/7 10:00,2023/3/7 11:00,188.7
2023/3/7 11:00,2023/3/7 12:00,190.8
2023/3/7 12:00,2023/3/7 13:00,155.9
2023/3/7 13:00,2023/3/7 14:00,103.3
2023/3/7 14:00,2023/3/7 15:00,58.6
2023/3/7 15:00,2023/3/7 16:00,4.1
2023/3/7 16:00,2023/3/7 17:00,0
2023/3/7 17:00,2023/3/7 18:00,0
2023/3/7 18:00,2023/3/7 19:00,0
2023/3/7 19:00,2023/3/7 20:00,0
2023/3/7 20:00,2023/3/7 21:00,0
2023/3/7 21:00,2023/3/7 22:00,0
2023/3/7 22:00,2023/3/7 23:00,0
2023/3/7 23:00,2023/3/8 0:00,0
2023/3/8 0:00,2023/3/8 1:00,0
2023/3/8 1:00,2023/3/8 2:00,0
2023/3/8 2:00,2023/3/8 3:00,0
2023/3/8 3:00,2023/3/8 4:00,0
2023/3/8 4:00,2023/3/8 5:00,0
2023/3/8 5:00,2023/3/8 6:00,1.4
2023/3/8 6:00,2023/3/8 7:00,31.1
2023/3/8 7:00,2023/3/8 8:00,62.9
2023/3/8 8:00,2023/3/8 9:00,89.9
2023/3/8 9:00,2023/3/8 10:00,111.8
2023/3/8 10:00,2023/3/8 11:00,156
2023/3/8 11:00,2023/3/8 12:00,150.7
2023/3/8 12:00,2023/3/8 13:00,129.1
2023/3/8 13:00,2023/3/8 14:00,95.2
2023/3/8 14:00,2023/3/8 15:00,55.2
2023/3/8 15:00,2023/3/8 16:00,4.7
2023/3/8 16:00,2023/3/8 17:00,0
2023/3/8 17:00,2023/3/8 18:00,0
2023/3/8 18:00,2023/3/8 19:00,0
2023/3/8 19:00,2023/3/8 20:00,0
2023/3/8 20:00,2023/3/8 21:00,0
2023/3/8 21:00,2023/3/8 22:00,0
2023/3/8 22:00,2023/3/8 23:00,0
2023/3/8 23:00,2023/3/9 0:00,0
2023/3/9 0:00,2023/3/9 1:00,0
2023/3/9 1:00,2023/3/9 2:00,0
2023/3/9 2:00,2023/3/9 3:00,0
2023/3/9 3:00,2023/3/9 4:00,0
2023/3/9 4:00,2023/3/9 5:00,0
2023/3/9 5:00,2023/3/9 6:00,9.6
2023/3/9 6:00,2023/3/9 7:00,74
2023/3/9 7:00,2023/3/9 8:00,137.2
2023/3/9 8:00,2023/3/9 9:00,189.6
2023/3/9 9:00,2023/3/9 10:00,224
2023/3/9 10:00,2023/3/9 11:00,234.7
2023/3/9 11:00,2023/3/9 12:00,224.4
2023/3/9 12:00,2023/3/9 13:00,196.2
2023/3/9 13:00,2023/3/9 14:00,148
2023/3/9 14:00,2023/3/9 15:00,88.2
2023/3/9 15:00,2023/3/9 16:00,8.8
2023/3/9 16:00,2023/3/9 17:00,0
2023/3/9 17:00,2023/3/9 18:00,0
2023/3/9 18:00,2023/3/9 19:00,0
2023/3/9 19:00,2023/3/9 20:00,0
2023/3/9 20:00,2023/3/9 21:00,0
2023/3/9 21:00,2023/3/9 22:00,0
2023/3/9 22:00,2023/3/9 23:00,0
2023/3/9 23:00,2023/3/10 0:00,0
2023/3/10 0:00,2023/3/10 1:00,0
2023/3/10 1:00,2023/3/10 2:00,0
2023/3/10 2:00,2023/3/10 3:00,0
2023/3/10 3:00,2023/3/10 4:00,0
2023/3/10 4:00,2023/3/10 5:00,0
2023/3/10 5:00,2023/3/10 6:00,4.9
2023/3/10 6:00,2023/3/10 7:00,54.7
2023/3/10 7:00,2023/3/10 8:00,117.9
2023/3/10 8:00,2023/3/10 9:00,165
2023/3/10 9:00,2023/3/10 10:00,193
2023/3/10 10:00,2023/3/10 11:00,208.3
2023/3/10 11:00,2023/3/10 12:00,200.7
2023/3/10 12:00,2023/3/10 13:00,169.4
2023/3/10 13:00,2023/3/10 14:00,138.6
2023/3/10 14:00,2023/3/10 15:00,96.1
2023/3/10 15:00,2023/3/10 16:00,15.4
2023/3/10 16:00,2023/3/10 17:00,0
2023/3/10 17:00,2023/3/10 18:00,0
2023/3/10 18:00,2023/3/10 19:00,0
2023/3/10 19:00,2023/3/10 20:00,0
2023/3/10 20:00,2023/3/10 21:00,0
2023/3/10 21:00,2023/3/10 22:00,0
2023/3/10 22:00,2023/3/10 23:00,0
2023/3/10 23:00,2023/3/11 0:00,0
2023/3/11 0:00,2023/3/11 1:00,0
2023/3/11 1:00,2023/3/11 2:00,0
2023/3/11 2:00,2023/3/11 3:00,0
2023/3/11 3:00,2023/3/11 4:00,0
2023/3/11 4:00,2023/3/11 5:00,0
2023/3/11 5:00,2023/3/11 6:00,8.1
2023/3/11 6:00,2023/3/11 7:00,46.2
2023/3/11 7:00,2023/3/11 8:00,78
2023/3/11 8:00,2023/3/11 9:00,105
2023/3/11 9:00,2023/3/11 10:00,105.9
2023/3/11 10:00,2023/3/11 11:00,100.6
2023/3/11 11:00,2023/3/11 12:00,98.2
2023/3/11 12:00,2023/3/11 13:00,83.9
2023/3/11 13:00,2023/3/11 14:00,58.6
2023/3/11 14:00,2023/3/11 15:00,38.4
2023/3/11 15:00,2023/3/11 16:00,2.3
2023/3/11 16:00,2023/3/11 17:00,0
2023/3/11 17:00,2023/3/11 18:00,0
2023/3/11 18:00,2023/3/11 19:00,0
2023/3/11 19:00,2023/3/11 20:00,0
2023/3/11 20:00,2023/3/11 21:00,0
2023/3/11 21:00,2023/3/11 22:00,0
2023/3/11 22:00,2023/3/11 23:00,0
2023/3/11 23:00,2023/3/12 0:00,0
2023/3/12 0:00,2023/3/12 1:00,0
2023/3/12 1:00,2023/3/12 2:00,0
2023/3/12 2:00,2023/3/12 3:00,0
2023/3/12 3:00,2023/3/12 4:00,0
2023/3/12 4:00,2023/3/12 5:00,0
2023/3/12 5:00,2023/3/12 6:00,10.9
2023/3/12 6:00,2023/3/12 7:00,63.6
2023/3/12 7:00,2023/3/12 8:00,122.3
2023/3/12 8:00,2023/3/12 9:00,155.2
2023/3/12 9:00,2023/3/12 10:00,187.5
2023/3/12 10:00,2023/3/12 11:00,192.8
2023/3/12 11:00,2023/3/12 12:00,200.3
2023/3/12 12:00,2023/3/12 13:00,178.4
2023/3/12 13:00,2023/3/12 14:00,142.2
2023/3/12 14:00,2023/3/12 15:00,89.5
2023/3/12 15:00,2023/3/12 16:00,19
2023/3/12 16:00,2023/3/12 17:00,0
2023/3/12 17:00,2023/3/12 18:00,0
2023/3/12 18:00,2023/3/12 19:00,0
2023/3/12 19:00,2023/3/12 20:00,0
2023/3/12 20:00,2023/3/12 21:00,0
2023/3/12 21:00,2023/3/12 22:00,0
2023/3/12 22:00,2023/3/12 23:00,0
2023/3/12 23:00,2023/3/13 0:00,0
2023/3/13 0:00,2023/3/13 1:00,0
2023/3/13 1:00,2023/3/13 2:00,0
2023/3/13 2:00,2023/3/13 3:00,0
2023/3/13 3:00,2023/3/13 4:00,0
2023/3/13 4:00,2023/3/13 5:00,0
2023/3/13 5:00,2023/3/13 6:00,22
2023/3/13 6:00,2023/3/13 7:00,95
2023/3/13 7:00,2023/3/13 8:00,156.9
2023/3/13 8:00,2023/3/13 9:00,194.6
2023/3/13 9:00,2023/3/13 10:00,218.3
2023/3/13 10:00,2023/3/13 11:00,194.9
2023/3/13 11:00,2023/3/13 12:00,175.9
2023/3/13 12:00,2023/3/13 13:00,132.4
2023/3/13 13:00,2023/3/13 14:00,95.5
2023/3/13 14:00,2023/3/13 15:00,49.7
2023/3/13 15:00,2023/3/13 16:00,8.4
2023/3/13 16:00,2023/3/13 17:00,0
2023/3/13 17:00,2023/3/13 18:00,0
2023/3/13 18:00,2023/3/13 19:00,0
2023/3/13 19:00,2023/3/13 20:00,0
2023/3/13 20:00,2023/3/13 21:00,0
2023/3/13 21:00,2023/3/13 22:00,0
2023/3/13 22:00,2023/3/13 23:00,0
2023/3/13 23:00,2023/3/14 0:00,0
2023/3/14 0:00,2023/3/14 1:00,0
2023/3/14 1:00,2023/3/14 2:00,0
2023/3/14 2:00,2023/3/14 3:00,0
2023/3/14 3:00,2023/3/14 4:00,0
2023/3/14 4:00,2023/3/14 5:00,0
2023/3/14 5:00,2023/3/14 6:00,1
2023/3/14 6:00,2023/3/14 7:00,25
2023/3/14 7:00,2023/3/14 8:00,42.7
2023/3/14 8:00,2023/3/14 9:00,57.9
2023/3/14 9:00,2023/3/14 10:00,92
2023/3/14 10:00,2023/3/14 11:00,87.8
2023/3/14 11:00,2023/3/14 12:00,80.5
2023/3/14 12:00,2023/3/14 13:00,73
2023/3/14 13:00,2023/3/14 14:00,57.9
2023/3/14 14:00,2023/3/14 15:00,33.4
2023/3/14 15:00,2023/3/14 16:00,4
2023/3/14 16:00,2023/3/14 17:00,0
2023/3/14 17:00,2023/3/14 18:00,0
2023/3/14 18:00,2023/3/14 19:00,0
2023/3/14 19:00,2023/3/14 20:00,0
2023/3/14 20:00,2023/3/14 21:00,0
2023/3/14 21:00,2023/3/14 22:00,0
2023/3/14 22:00,2023/3/14 23:00,0
2023/3/14 23:00,2023/3/15 0:00,0
2023/3/15 0:00,2023/3/15 1:00,0
2023/3/15 1:00,2023/3/15 2:00,0
2023/3/15 2:00,2023/3/15 3:00,0
2023/3/15 3:00,2023/3/15 4:00,0
2023/3/15 4:00,2023/3/15 5:00,0
2023/3/15 5:00,2023/3/15 6:00,11.6
2023/3/15 6:00,2023/3/15 7:00,59.5
2023/3/15 7:00,2023/3/15 8:00,127.8
2023/3/15 8:00,2023/3/15 9:00,186.7
2023/3/15 9:00,2023/3/15 10:00,231.3
2023/3/15 10:00,2023/3/15 11:00,233.5
2023/3/15 11:00,2023/3/15 12:00,237.1
2023/3/15 12:00,2023/3/15 13:00,203
2023/3/15 13:00,2023/3/15 14:00,149.8
2023/3/15 14:00,2023/3/15 15:00,97.7
2023/3/15 15:00,2023/3/15 16:00,29.8
2023/3/15 16:00,2023/3/15 17:00,0
2023/3/15 17:00,2023/3/15 18:00,0
2023/3/15 18:00,2023/3/15 19:00,0
2023/3/15 19:00,2023/3/15 20:00,0
2023/3/15 20:00,2023/3/15 21:00,0
2023/3/15 21:00,2023/3/15 22:00,0
2023/3/15 22:00,2023/3/15 23:00,0
2023/3/15 23:00,2023/3/16 0:00,0
2023/3/16 0:00,2023/3/16 1:00,0
2023/3/16 1:00,2023/3/16 2:00,0
2023/3/16 2:00,2023/3/16 3:00,0
2023/3/16 3:00,2023/3/16 4:00,0
2023/3/16 4:00,2023/3/16 5:00,0
2023/3/16 5:00,2023/3/16 6:00,33.2
2023/3/16 6:00,2023/3/16 7:00,105.1
2023/3/16 7:00,2023/3/16 8:00,171.9
2023/3/16 8:00,2023/3/16 9:00,227.4
2023/3/16 9:00,2023/3/16 10:00,263.6
2023/3/16 10:00,2023/3/16 11:00,275.3
2023/3/16 11:00,2023/3/16 12:00,260.2
2023/3/16 12:00,2023/3/16 13:00,227.3
2023/3/16 13:00,2023/3/16 14:00,174.1
2023/3/16 14:00,2023/3/16 15:00,109.5
2023/3/16 15:00,2023/3/16 16:00,35.9
2023/3/16 16:00,2023/3/16 17:00,0
2023/3/16 17:00,2023/3/16 18:00,0
2023/3/16 18:00,2023/3/16 19:00,0
2023/3/16 19:00,2023/3/16 20:00,0
2023/3/16 20:00,2023/3/16 21:00,0
2023/3/16 21:00,2023/3/16 22:00,0
2023/3/16 22:00,2023/3/16 23:00,0
2023/3/16 23:00,2023/3/17 0:00,0
2023/3/17 0:00,2023/3/17 1:00,0
2023/3/17 1:00,2023/3/17 2:00,0
2023/3/17 2:00,2023/3/17 3:00,0
2023/3/17 3:00,2023/3/17 4:00,0
2023/3/17 4:00,2023/3/17 5:00,0
2023/3/17 5:00,2023/3/17 6:00,22.6
2023/3/17 6:00,2023/3/17 7:00,64.6
2023/3/17 7:00,2023/3/17 8:00,99.3
2023/3/17 8:00,2023/3/17 9:00,150.4
2023/3/17 9:00,2023/3/17 10:00,178.9
2023/3/17 10:00,2023/3/17 11:00,135
2023/3/17 11:00,2023/3/17 12:00,128.1
2023/3/17 12:00,2023/3/17 13:00,144.2
2023/3/17 13:00,2023/3/17 14:00,104.8
2023/3/17 14:00,2023/3/17 15:00,59.3
2023/3/17 15:00,2023/3/17 16:00,17.2
2023/3/17 16:00,2023/3/17 17:00,0
2023/3/17 17:00,2023/3/17 18:00,0
2023/3/17 18:00,2023/3/17 19:00,0
2023/3/17 19:00,2023/3/17 20:00,0
2023/3/17 20:00,2023/3/17 21:00,0
2023/3/17 21:00,2023/3/17 22:00,0
2023/3/17 22:00,2023/3/17 23:00,0
2023/3/17 23:00,2023/3/18 0:00,0
2023/3/18 0:00,2023/3/18 1:00,0
2023/3/18 1:00,2023/3/18 2:00,0
2023/3/18 2:00,2023/3/18 3:00,0
2023/3/18 3:00,2023/3/18 4:00,0
2023/3/18 4:00,2023/3/18 5:00,0
2023/3/18 5:00,2023/3/18 6:00,7.8
2023/3/18 6:00,2023/3/18 7:00,33.5
2023/3/18 7:00,2023/3/18 8:00,53.6
2023/3/18 8:00,2023/3/18 9:00,77.9
2023/3/18 9:00,2023/3/18 10:00,108
2023/3/18 10:00,2023/3/18 11:00,106.7
2023/3/18 11:00,2023/3/18 12:00,84.3
2023/3/18 12:00,2023/3/18 13:00,76.8
2023/3/18 13:00,2023/3/18 14:00,55.4
2023/3/18 14:00,2023/3/18 15:00,35.9
2023/3/18 15:00,2023/3/18 16:00,10.2
2023/3/18 16:00,2023/3/18 17:00,0
2023/3/18 17:00,2023/3/18 18:00,0
2023/3/18 18:00,2023/3/18 19:00,0
2023/3/18 19:00,2023/3/18 20:00,0
2023/3/18 20:00,2023/3/18 21:00,0
2023/3/18 21:00,2023/3/18 22:00,0
2023/3/18 22:00,2023/3/18 23:00,0
2023/3/18 23:00,2023/3/19 0:00,0
2023/3/19 0:00,2023/3/19 1:00,0
2023/3/19 1:00,2023/3/19 2:00,0
2023/3/19 2:00,2023/3/19 3:00,0
2023/3/19 3:00,2023/3/19 4:00,0
2023/3/19 4:00,2023/3/19 5:00,0
2023/3/19 5:00,2023/3/19 6:00,18.8
2023/3/19 6:00,2023/3/19 7:00,54.8
2023/3/19 7:00,2023/3/19 8:00,96.4
2023/3/19 8:00,2023/3/19 9:00,136.1
2023/3/19 9:00,2023/3/19 10:00,154.1
2023/3/19 10:00,2023/3/19 11:00,156.6
2023/3/19 11:00,2023/3/19 12:00,162.3
2023/3/19 12:00,2023/3/19 13:00,139.7
2023/3/19 13:00,2023/3/19 14:00,116.1
2023/3/19 14:00,2023/3/19 15:00,82.8
2023/3/19 15:00,2023/3/19 16:00,31.5
2023/3/19 16:00,2023/3/19 17:00,0
2023/3/19 17:00,2023/3/19 18:00,0
2023/3/19 18:00,2023/3/19 19:00,0
2023/3/19 19:00,2023/3/19 20:00,0
2023/3/19 20:00,2023/3/19 21:00,0
2023/3/19 21:00,2023/3/19 22:00,0
2023/3/19 22:00,2023/3/19 23:00,0
2023/3/19 23:00,2023/3/20 0:00,0
2023/3/20 0:00,2023/3/20 1:00,0
2023/3/20 1:00,2023/3/20 2:00,0
2023/3/20 2:00,2023/3/20 3:00,0
2023/3/20 3:00,2023/3/20 4:00,0
2023/3/20 4:00,2023/3/20 5:00,0
2023/3/20 5:00,2023/3/20 6:00,14.4
2023/3/20 6:00,2023/3/20 7:00,42.5
2023/3/20 7:00,2023/3/20 8:00,65.7
2023/3/20 8:00,2023/3/20 9:00,85.5
2023/3/20 9:00,2023/3/20 10:00,103
2023/3/20 10:00,2023/3/20 11:00,106.3
2023/3/20 11:00,2023/3/20 12:00,93.7
2023/3/20 12:00,2023/3/20 13:00,80.7
2023/3/20 13:00,2023/3/20 14:00,66
2023/3/20 14:00,2023/3/20 15:00,42.2
2023/3/20 15:00,2023/3/20 16:00,14.6
2023/3/20 16:00,2023/3/20 17:00,0
2023/3/20 17:00,2023/3/20 18:00,0
2023/3/20 18:00,2023/3/20 19:00,0
2023/3/20 19:00,2023/3/20 20:00,0
2023/3/20 20:00,2023/3/20 21:00,0
2023/3/20 21:00,2023/3/20 22:00,0
2023/3/20 22:00,2023/3/20 23:00,0
2023/3/20 23:00,2023/3/21 0:00,0
2023/3/21 0:00,2023/3/21 1:00,0
2023/3/21 1:00,2023/3/21 2:00,0
2023/3/21 2:00,2023/3/21 3:00,0
2023/3/21 3:00,2023/3/21 4:00,0
2023/3/21 4:00,2023/3/21 5:00,0.3
2023/3/21 5:00,2023/3/21 6:00,52.9
2023/3/21 6:00,2023/3/21 7:00,129
2023/3/21 7:00,2023/3/21 8:00,186.4
2023/3/21 8:00,2023/3/21 9:00,245.7
2023/3/21 9:00,2023/3/21 10:00,276.1
2023/3/21 10:00,2023/3/21 11:00,273.2
2023/3/21 11:00,2023/3/21 12:00,267.6
2023/3/21 12:00,2023/3/21 13:00,226.4
2023/3/21 13:00,2023/3/21 14:00,161.7
2023/3/21 14:00,2023/3/21 15:00,104.8
2023/3/21 15:00,2023/3/21 16:00,42.3
2023/3/21 16:00,2023/3/21 17:00,0
2023/3/21 17:00,2023/3/21 18:00,0
2023/3/21 18:00,2023/3/21 19:00,0
2023/3/21 19:00,2023/3/21 20:00,0
2023/3/21 20:00,2023/3/21 21:00,0
2023/3/21 21:00,2023/3/21 22:00,0
2023/3/21 22:00,2023/3/21 23:00,0
2023/3/21 23:00,2023/3/22 0:00,0
2023/3/22 0:00,2023/3/22 1:00,0
2023/3/22 1:00,2023/3/22 2:00,0
2023/3/22 2:00,2023/3/22 3:00,0
2023/3/22 3:00,2023/3/22 4:00,0
2023/3/22 4:00,2023/3/22 5:00,0.4
2023/3/22 5:00,2023/3/22 6:00,21.4
2023/3/22 6:00,2023/3/22 7:00,45.4
2023/3/22 7:00,2023/3/22 8:00,63
2023/3/22 8:00,2023/3/22 9:00,76
2023/3/22 9:00,2023/3/22 10:00,96.7
2023/3/22 10:00,2023/3/22 11:00,100.1
2023/3/22 11:00,2023/3/22 12:00,76.7
2023/3/22 12:00,2023/3/22 13:00,65.9
2023/3/22 13:00,2023/3/22 14:00,49
2023/3/22 14:00,2023/3/22 15:00,33.2
2023/3/22 15:00,2023/3/22 16:00,11.1
2023/3/22 16:00,2023/3/22 17:00,0
2023/3/22 17:00,2023/3/22 18:00,0
2023/3/22 18:00,2023/3/22 19:00,0
2023/3/22 19:00,2023/3/22 20:00,0
2023/3/22 20:00,2023/3/22 21:00,0
2023/3/22 21:00,2023/3/22 22:00,0
2023/3/22 22:00,2023/3/22 23:00,0
2023/3/22 23:00,2023/3/23 0:00,0
2023/3/23 0:00,2023/3/23 1:00,0
2023/3/23 1:00,2023/3/23 2:00,0
2023/3/23 2:00,2023/3/23 3:00,0
2023/3/23 3:00,2023/3/23 4:00,0
2023/3/23 4:00,2023/3/23 5:00,0
2023/3/23 5:00,2023/3/23 6:00,38.7
2023/3/23 6:00,2023/3/23 7:00,92
2023/3/23 7:00,2023/3/23 8:00,137.4
2023/3/23 8:00,2023/3/23 9:00,176.6
2023/3/23 9:00,2023/3/23 10:00,197.6
2023/3/23 10:00,2023/3/23 11:00,218.9
2023/3/23 11:00,2023/3/23 12:00,208.1
2023/3/23 12:00,2023/3/23 13:00,188.4
2023/3/23 13:00,2023/3/23 14:00,156.8
2023/3/23 14:00,2023/3/23 15:00,112.4
2023/3/23 15:00,2023/3/23 16:00,48.1
2023/3/23 16:00,2023/3/23 17:00,1.8
2023/3/23 17:00,2023/3/23 18:00,0
2023/3/23 18:00,2023/3/23 19:00,0
2023/3/23 19:00,2023/3/23 20:00,0
2023/3/23 20:00,2023/3/23 21:00,0
2023/3/23 21:00,2023/3/23 22:00,0
2023/3/23 22:00,2023/3/23 23:00,0
2023/3/23 23:00,2023/3/24 0:00,0
2023/3/24 0:00,2023/3/24 1:00,0
2023/3/24 1:00,2023/3/24 2:00,0
2023/3/24 2:00,2023/3/24 3:00,0
2023/3/24 3:00,2023/3/24 4:00,0
2023/3/24 4:00,2023/3/24 5:00,0.9
2023/3/24 5:00,2023/3/24 6:00,23.2
2023/3/24 6:00,2023/3/24 7:00,49
2023/3/24 7:00,2023/3/24 8:00,65.5
2023/3/24 8:00,2023/3/24 9:00,92.5
2023/3/24 9:00,2023/3/24 10:00,111.1
2023/3/24 10:00,2023/3/24 11:00,107.7
2023/3/24 11:00,2023/3/24 12:00,102.3
2023/3/24 12:00,2023/3/24 13:00,87.4
2023/3/24 13:00,2023/3/24 14:00,67.3
2023/3/24 14:00,2023/3/24 15:00,42.2
2023/3/24 15:00,2023/3/24 16:00,20
2023/3/24 16:00,2023/3/24 17:00,0
2023/3/24 17:00,2023/3/24 18:00,0
2023/3/24 18:00,2023/3/24 19:00,0
2023/3/24 19:00,2023/3/24 20:00,0
2023/3/24 20:00,2023/3/24 21:00,0
2023/3/24 21:00,2023/3/24 22:00,0
2023/3/24 22:00,2023/3/24 23:00,0
2023/3/24 23:00,2023/3/25 0:00,0
2023/3/25 0:00,2023/3/25 1:00,0
2023/3/25 1:00,2023/3/25 2:00,0
2023/3/25 2:00,2023/3/25 3:00,0
2023/3/25 3:00,2023/3/25 4:00,0
2023/3/25 4:00,2023/3/25 5:00,0.5
2023/3/25 5:00,2023/3/25 6:00,28.8
2023/3/25 6:00,2023/3/25 7:00,64.5
2023/3/25 7:00,2023/3/25 8:00,101.2
2023/3/25 8:00,2023/3/25 9:00,141.8
2023/3/25 9:00,2023/3/25 10:00,191.3
2023/3/25 10:00,2023/3/25 11:00,206
2023/3/25 11:00,2023/3/25 12:00,208.3
2023/3/25 12:00,2023/3/25 13:00,171.7
2023/3/25 13:00,2023/3/25 14:00,123.6
2023/3/25 14:00,2023/3/25 15:00,80.1
2023/3/25 15:00,2023/3/25 16:00,36.5
2023/3/25 16:00,2023/3/25 17:00,0.3
2023/3/25 17:00,2023/3/25 18:00,0
2023/3/25 18:00,2023/3/25 19:00,0
2023/3/25 19:00,2023/3/25 20:00,0
2023/3/25 20:00,2023/3/25 21:00,0
2023/3/25 21:00,2023/3/25 22:00,0
2023/3/25 22:00,2023/3/25 23:00,0
2023/3/25 23:00,2023/3/26 0:00,0
2023/3/26 0:00,2023/3/26 1:00,0
2023/3/26 1:00,2023/3/26 2:00,0
2023/3/26 2:00,2023/3/26 3:00,0
2023/3/26 3:00,2023/3/26 4:00,0
2023/3/26 4:00,2023/3/26 5:00,1.7
2023/3/26 5:00,2023/3/26 6:00,44.3
2023/3/26 6:00,2023/3/26 7:00,97.3
2023/3/26 7:00,2023/3/26 8:00,145.9
2023/3/26 8:00,2023/3/26 9:00,201.2
2023/3/26 9:00,2023/3/26 10:00,209.7
2023/3/26 10:00,2023/3/26 11:00,207.9
2023/3/26 11:00,2023/3/26 12:00,189.5
2023/3/26 12:00,2023/3/26 13:00,142.4
2023/3/26 13:00,2023/3/26 14:00,108.4
2023/3/26 14:00,2023/3/26 15:00,76.1
2023/3/26 15:00,2023/3/26 16:00,38.1
2023/3/26 16:00,2023/3/26 17:00,1.5
2023/3/26 17:00,2023/3/26 18:00,0
2023/3/26 18:00,2023/3/26 19:00,0
2023/3/26 19:00,2023/3/26 20:00,0
2023/3/26 20:00,2023/3/26 21:00,0
2023/3/26 21:00,2023/3/26 22:00,0
2023/3/26 22:00,2023/3/26 23:00,0
2023/3/26 23:00,2023/3/27 0:00,0
2023/3/27 0:00,2023/3/27 1:00,0
2023/3/27 1:00,2023/3/27 2:00,0
2023/3/27 2:00,2023/3/27 3:00,0
2023/3/27 3:00,2023/3/27 4:00,0
2023/3/27 4:00,2023/3/27 5:00,2.3
2023/3/27 5:00,2023/3/27 6:00,29.8
2023/3/27 6:00,2023/3/27 7:00,61.4
2023/3/27 7:00,2023/3/27 8:00,87.9
2023/3/27 8:00,2023/3/27 9:00,116.9
2023/3/27 9:00,2023/3/27 10:00,126.8
2023/3/27 10:00,2023/3/27 11:00,129.4
2023/3/27 11:00,2023/3/27 12:00,113.1
2023/3/27 12:00,2023/3/27 13:00,98.9
2023/3/27 13:00,2023/3/27 14:00,76
2023/3/27 14:00,2023/3/27 15:00,51.4
2023/3/27 15:00,2023/3/27 16:00,26.4
2023/3/27 16:00,2023/3/27 17:00,0
2023/3/27 17:00,2023/3/27 18:00,0
2023/3/27 18:00,2023/3/27 19:00,0
2023/3/27 19:00,2023/3/27 20:00,0
2023/3/27 20:00,2023/3/27 21:00,0
2023/3/27 21:00,2023/3/27 22:00,0
2023/3/27 22:00,2023/3/27 23:00,0
2023/3/27 23:00,2023/3/28 0:00,0
2023/3/28 0:00,2023/3/28 1:00,0
2023/3/28 1:00,2023/3/28 2:00,0
2023/3/28 2:00,2023/3/28 3:00,0
2023/3/28 3:00,2023/3/28 4:00,0
2023/3/28 4:00,2023/3/28 5:00,2.8
2023/3/28 5:00,2023/3/28 6:00,33.5
2023/3/28 6:00,2023/3/28 7:00,66.7
2023/3/28 7:00,2023/3/28 8:00,123.5
2023/3/28 8:00,2023/3/28 9:00,160.7
2023/3/28 9:00,2023/3/28 10:00,167.5
2023/3/28 10:00,2023/3/28 11:00,164.3
2023/3/28 11:00,2023/3/28 12:00,144.2
2023/3/28 12:00,2023/3/28 13:00,138.4
2023/3/28 13:00,2023/3/28 14:00,104.5
2023/3/28 14:00,2023/3/28 15:00,77.1
2023/3/28 15:00,2023/3/28 16:00,40.1
2023/3/28 16:00,2023/3/28 17:00,0.5
2023/3/28 17:00,2023/3/28 18:00,0
2023/3/28 18:00,2023/3/28 19:00,0
2023/3/28 19:00,2023/3/28 20:00,0
2023/3/28 20:00,2023/3/28 21:00,0
2023/3/28 21:00,2023/3/28 22:00,0
2023/3/28 22:00,2023/3/28 23:00,0
2023/3/28 23:00,2023/3/29 0:00,0
2023/3/29 0:00,2023/3/29 1:00,0
2023/3/29 1:00,2023/3/29 2:00,0
2023/3/29 2:00,2023/3/29 3:00,0
2023/3/29 3:00,2023/3/29 4:00,0
2023/3/29 4:00,2023/3/29 5:00,4.1
2023/3/29 5:00,2023/3/29 6:00,36.9
2023/3/29 6:00,2023/3/29 7:00,70.9
2023/3/29 7:00,2023/3/29 8:00,112.7
2023/3/29 8:00,2023/3/29 9:00,149.9
2023/3/29 9:00,2023/3/29 10:00,160.4
2023/3/29 10:00,2023/3/29 11:00,177.7
2023/3/29 11:00,2023/3/29 12:00,171.9
2023/3/29 12:00,2023/3/29 13:00,164.5
2023/3/29 13:00,2023/3/29 14:00,133.1
2023/3/29 14:00,2023/3/29 15:00,93.5
2023/3/29 15:00,2023/3/29 16:00,62.9
2023/3/29 16:00,2023/3/29 17:00,3.1
2023/3/29 17:00,2023/3/29 18:00,0
2023/3/29 18:00,2023/3/29 19:00,0
2023/3/29 19:00,2023/3/29 20:00,0
2023/3/29 20:00,2023/3/29 21:00,0
2023/3/29 21:00,2023/3/29 22:00,0
2023/3/29 22:00,2023/3/29 23:00,0
2023/3/29 23:00,2023/3/30 0:00,0
2023/3/30 0:00,2023/3/30 1:00,0
2023/3/30 1:00,2023/3/30 2:00,0
2023/3/30 2:00,2023/3/30 3:00,0
2023/3/30 3:00,2023/3/30 4:00,0
2023/3/30 4:00,2023/3/30 5:00,14.9
2023/3/30 5:00,2023/3/30 6:00,87.9
2023/3/30 6:00,2023/3/30 7:00,160.2
2023/3/30 7:00,2023/3/30 8:00,233.2
2023/3/30 8:00,2023/3/30 9:00,279
2023/3/30 9:00,2023/3/30 10:00,290.1
2023/3/30 10:00,2023/3/30 11:00,317.6
2023/3/30 11:00,2023/3/30 12:00,297
2023/3/30 12:00,2023/3/30 13:00,268.9
2023/3/30 13:00,2023/3/30 14:00,215.2
2023/3/30 14:00,2023/3/30 15:00,156
2023/3/30 15:00,2023/3/30 16:00,90.6
2023/3/30 16:00,2023/3/30 17:00,5.9
2023/3/30 17:00,2023/3/30 18:00,0
2023/3/30 18:00,2023/3/30 19:00,0
2023/3/30 19:00,2023/3/30 20:00,0
2023/3/30 20:00,2023/3/30 21:00,0
2023/3/30 21:00,2023/3/30 22:00,0
2023/3/30 22:00,2023/3/30 23:00,0
2023/3/30 23:00,2023/3/31 0:00,0
2023/3/31 0:00,2023/3/31 1:00,0
2023/3/31 1:00,2023/3/31 2:00,0
2023/3/31 2:00,2023/3/31 3:00,0
2023/3/31 3:00,2023/3/31 4:00,0
2023/3/31 4:00,2023/3/31 5:00,16.1
2023/3/31 5:00,2023/3/31 6:00,92.9
2023/3/31 6:00,2023/3/31 7:00,161.3
2023/3/31 7:00,2023/3/31 8:00,228.2
2023/3/31 8:00,2023/3/31 9:00,279
2023/3/31 9:00,2023/3/31 10:00,305.7
2023/3/31 10:00,2023/3/31 11:00,313.1
2023/3/31 11:00,2023/3/31 12:00,296.3
2023/3/31 12:00,2023/3/31 13:00,314.9
2023/3/31 13:00,2023/3/31 14:00,255.9
2023/3/31 14:00,2023/3/31 15:00,181.6
2023/3/31 15:00,2023/3/31 16:00,112.3
2023/3/31 16:00,2023/3/31 17:00,12.3
2023/3/31 17:00,2023/3/31 18:00,0
2023/3/31 18:00,2023/3/31 19:00,0
2023/3/31 19:00,2023/3/31 20:00,0
2023/3/31 20:00,2023/3/31 21:00,0
2023/3/31 21:00,2023/3/31 22:00,0
2023/3/31 22:00,2023/3/31 23:00,0
2023/3/31 23:00,2023/4/1 0:00,0
2023/4/1 0:00,2023/4/1 1:00,0
2023/4/1 1:00,2023/4/1 2:00,0
2023/4/1 2:00,2023/4/1 3:00,0
2023/4/1 3:00,2023/4/1 4:00,0
2023/4/1 4:00,2023/4/1 5:00,27.6
2023/4/1 5:00,2023/4/1 6:00,117.7
2023/4/1 6:00,2023/4/1 7:00,204.8
2023/4/1 7:00,2023/4/1 8:00,284.7
2023/4/1 8:00,2023/4/1 9:00,350.5
2023/4/1 9:00,2023/4/1 10:00,386.8
2023/4/1 10:00,2023/4/1 11:00,393.3
2023/4/1 11:00,2023/4/1 12:00,373
2023/4/1 12:00,2023/4/1 13:00,335.8
2023/4/1 13:00,2023/4/1 14:00,265.4
2023/4/1 14:00,2023/4/1 15:00,189.2
2023/4/1 15:00,2023/4/1 16:00,120.2
2023/4/1 16:00,2023/4/1 17:00,15.5
2023/4/1 17:00,2023/4/1 18:00,0
2023/4/1 18:00,2023/4/1 19:00,0
2023/4/1 19:00,2023/4/1 20:00,0
2023/4/1 20:00,2023/4/1 21:00,0
2023/4/1 21:00,2023/4/1 22:00,0
2023/4/1 22:00,2023/4/1 23:00,0
2023/4/1 23:00,2023/4/2 0:00,0
2023/4/2 0:00,2023/4/2 1:00,0
2023/4/2 1:00,2023/4/2 2:00,0
2023/4/2 2:00,2023/4/2 3:00,0
2023/4/2 3:00,2023/4/2 4:00,0
2023/4/2 4:00,2023/4/2 5:00,31.7
2023/4/2 5:00,2023/4/2 6:00,122
2023/4/2 6:00,2023/4/2 7:00,209.5
2023/4/2 7:00,2023/4/2 8:00,287.7
2023/4/2 8:00,2023/4/2 9:00,353.5
2023/4/2 9:00,2023/4/2 10:00,390.5
2023/4/2 10:00,2023/4/2 11:00,394.8
2023/4/2 11:00,2023/4/2 12:00,373.9
2023/4/2 12:00,2023/4/2 13:00,324.2
2023/4/2 13:00,2023/4/2 14:00,250.9
2023/4/2 14:00,2023/4/2 15:00,169.6
2023/4/2 15:00,2023/4/2 16:00,103.1
2023/4/2 16:00,2023/4/2 17:00,17
2023/4/2 17:00,2023/4/2 18:00,0
2023/4/2 18:00,2023/4/2 19:00,0
2023/4/2 19:00,2023/4/2 20:00,0
2023/4/2 20:00,2023/4/2 21:00,0
2023/4/2 21:00,2023/4/2 22:00,0
2023/4/2 22:00,2023/4/2 23:00,0
2023/4/2 23:00,2023/4/3 0:00,0
2023/4/3 0:00,2023/4/3 1:00,0
2023/4/3 1:00,2023/4/3 2:00,0
2023/4/3 2:00,2023/4/3 3:00,0
2023/4/3 3:00,2023/4/3 4:00,0
2023/4/3 4:00,2023/4/3 5:00,38.2
2023/4/3 5:00,2023/4/3 6:00,127
2023/4/3 6:00,2023/4/3 7:00,211.9
2023/4/3 7:00,2023/4/3 8:00,294.7
2023/4/3 8:00,2023/4/3 9:00,360.1
2023/4/3 9:00,2023/4/3 10:00,400.8
2023/4/3 10:00,2023/4/3 11:00,412.9
2023/4/3 11:00,2023/4/3 12:00,397.5
2023/4/3 12:00,2023/4/3 13:00,351.2
2023/4/3 13:00,2023/4/3 14:00,281.9
2023/4/3 14:00,2023/4/3 15:00,199.3
2023/4/3 15:00,2023/4/3 16:00,110.5
2023/4/3 16:00,2023/4/3 17:00,23.5
2023/4/3 17:00,2023/4/3 18:00,0
2023/4/3 18:00,2023/4/3 19:00,0
2023/4/3 19:00,2023/4/3 20:00,0
2023/4/3 20:00,2023/4/3 21:00,0
2023/4/3 21:00,2023/4/3 22:00,0
2023/4/3 22:00,2023/4/3 23:00,0
2023/4/3 23:00,2023/4/4 0:00,0
2023/4/4 0:00,2023/4/4 1:00,0
2023/4/4 1:00,2023/4/4 2:00,0
2023/4/4 2:00,2023/4/4 3:00,0
2023/4/4 3:00,2023/4/4 4:00,0
2023/4/4 4:00,2023/4/4 5:00,40.9
2023/4/4 5:00,2023/4/4 6:00,128.2
2023/4/4 6:00,2023/4/4 7:00,214.8
2023/4/4 7:00,2023/4/4 8:00,282.9
2023/4/4 8:00,2023/4/4 9:00,348.9
2023/4/4 9:00,2023/4/4 10:00,391.4
2023/4/4 10:00,2023/4/4 11:00,403.7
2023/4/4 11:00,2023/4/4 12:00,378.9
2023/4/4 12:00,2023/4/4 13:00,343.8
2023/4/4 13:00,2023/4/4 14:00,270.9
2023/4/4 14:00,2023/4/4 15:00,183.1
2023/4/4 15:00,2023/4/4 16:00,102.7
2023/4/4 16:00,2023/4/4 17:00,20.8
2023/4/4 17:00,2023/4/4 18:00,0
2023/4/4 18:00,2023/4/4 19:00,0
2023/4/4 19:00,2023/4/4 20:00,0
2023/4/4 20:00,2023/4/4 21:00,0
2023/4/4 21:00,2023/4/4 22:00,0
2023/4/4 22:00,2023/4/4 23:00,0
2023/4/4 23:00,2023/4/5 0:00,0
2023/4/5 0:00,2023/4/5 1:00,0
2023/4/5 1:00,2023/4/5 2:00,0
2023/4/5 2:00,2023/4/5 3:00,0
2023/4/5 3:00,2023/4/5 4:00,0
2023/4/5 4:00,2023/4/5 5:00,34.3
2023/4/5 5:00,2023/4/5 6:00,108.1
2023/4/5 6:00,2023/4/5 7:00,172.3
2023/4/5 7:00,2023/4/5 8:00,220.8
2023/4/5 8:00,2023/4/5 9:00,272.5
2023/4/5 9:00,2023/4/5 10:00,305.1
2023/4/5 10:00,2023/4/5 11:00,315.3
2023/4/5 11:00,2023/4/5 12:00,302.2
2023/4/5 12:00,2023/4/5 13:00,244.7
2023/4/5 13:00,2023/4/5 14:00,214.7
2023/4/5 14:00,2023/4/5 15:00,157.3
2023/4/5 15:00,2023/4/5 16:00,82.2
2023/4/5 16:00,2023/4/5 17:00,16.5
2023/4/5 17:00,2023/4/5 18:00,0
2023/4/5 18:00,2023/4/5 19:00,0
2023/4/5 19:00,2023/4/5 20:00,0
2023/4/5 20:00,2023/4/5 21:00,0
2023/4/5 21:00,2023/4/5 22:00,0
2023/4/5 22:00,2023/4/5 23:00,0
2023/4/5 23:00,2023/4/6 0:00,0
2023/4/6 0:00,2023/4/6 1:00,0
2023/4/6 1:00,2023/4/6 2:00,0
2023/4/6 2:00,2023/4/6 3:00,0
2023/4/6 3:00,2023/4/6 4:00,0
2023/4/6 4:00,2023/4/6 5:00,37.3
2023/4/6 5:00,2023/4/6 6:00,107.3
2023/4/6 6:00,2023/4/6 7:00,186.3
2023/4/6 7:00,2023/4/6 8:00,244.5
2023/4/6 8:00,2023/4/6 9:00,313.8
2023/4/6 9:00,2023/4/6 10:00,347.5
2023/4/6 10:00,2023/4/6 11:00,369.8
2023/4/6 11:00,2023/4/6 12:00,317.1
2023/4/6 12:00,2023/4/6 13:00,279.7
2023/4/6 13:00,2023/4/6 14:00,240.7
2023/4/6 14:00,2023/4/6 15:00,172.5
2023/4/6 15:00,2023/4/6 16:00,104
2023/4/6 16:00,2023/4/6 17:00,26.6
2023/4/6 17:00,2023/4/6 18:00,0
2023/4/6 18:00,2023/4/6 19:00,0
2023/4/6 19:00,2023/4/6 20:00,0
2023/4/6 20:00,2023/4/6 21:00,0
2023/4/6 21:00,2023/4/6 22:00,0
2023/4/6 22:00,2023/4/6 23:00,0
2023/4/6 23:00,2023/4/7 0:00,0
2023/4/7 0:00,2023/4/7 1:00,0
2023/4/7 1:00,2023/4/7 2:00,0
2023/4/7 2:00,2023/4/7 3:00,0
2023/4/7 3:00,2023/4/7 4:00,0
2023/4/7 4:00,2023/4/7 5:00,47.6
2023/4/7 5:00,2023/4/7 6:00,127.4
2023/4/7 6:00,2023/4/7 7:00,204.1
2023/4/7 7:00,2023/4/7 8:00,277.9
2023/4/7 8:00,2023/4/7 9:00,339.4
2023/4/7 9:00,2023/4/7 10:00,381.1
2023/4/7 10:00,2023/4/7 11:00,389.3
2023/4/7 11:00,2023/4/7 12:00,363.7
2023/4/7 12:00,2023/4/7 13:00,327.5
2023/4/7 13:00,2023/4/7 14:00,262.8
2023/4/7 14:00,2023/4/7 15:00,188
2023/4/7 15:00,2023/4/7 16:00,107.3
2023/4/7 16:00,2023/4/7 17:00,29.4
2023/4/7 17:00,2023/4/7 18:00,0
2023/4/7 18:00,2023/4/7 19:00,0
2023/4/7 19:00,2023/4/7 20:00,0
2023/4/7 20:00,2023/4/7 21:00,0
2023/4/7 21:00,2023/4/7 22:00,0
2023/4/7 22:00,2023/4/7 23:00,0
2023/4/7 23:00,2023/4/8 0:00,0
2023/4/8 0:00,2023/4/8 1:00,0
2023/4/8 1:00,2023/4/8 2:00,0
2023/4/8 2:00,2023/4/8 3:00,0
2023/4/8 3:00,2023/4/8 4:00,0
2023/4/8 4:00,2023/4/8 5:00,54.3
2023/4/8 5:00,2023/4/8 6:00,139.6
2023/4/8 6:00,2023/4/8 7:00,220.6
2023/4/8 7:00,2023/4/8 8:00,302.7
2023/4/8 8:00,2023/4/8 9:00,364.1
2023/4/8 9:00,2023/4/8 10:00,389.4
2023/4/8 10:00,2023/4/8 11:00,386.3
2023/4/8 11:00,2023/4/8 12:00,359.3
2023/4/8 12:00,2023/4/8 13:00,325.7
2023/4/8 13:00,2023/4/8 14:00,241.1
2023/4/8 14:00,2023/4/8 15:00,169.9
2023/4/8 15:00,2023/4/8 16:00,95.9
2023/4/8 16:00,2023/4/8 17:00,29.8
2023/4/8 17:00,2023/4/8 18:00,0
2023/4/8 18:00,2023/4/8 19:00,0
2023/4/8 19:00,2023/4/8 20:00,0
2023/4/8 20:00,2023/4/8 21:00,0
2023/4/8 21:00,2023/4/8 22:00,0
2023/4/8 22:00,2023/4/8 23:00,0
2023/4/8 23:00,2023/4/9 0:00,0
2023/4/9 0:00,2023/4/9 1:00,0
2023/4/9 1:00,2023/4/9 2:00,0
2023/4/9 2:00,2023/4/9 3:00,0
2023/4/9 3:00,2023/4/9 4:00,0.1
2023/4/9 4:00,2023/4/9 5:00,58.7
2023/4/9 5:00,2023/4/9 6:00,145.7
2023/4/9 6:00,2023/4/9 7:00,224.7
2023/4/9 7:00,2023/4/9 8:00,302.4
2023/4/9 8:00,2023/4/9 9:00,369.2
2023/4/9 9:00,2023/4/9 10:00,395.8
2023/4/9 10:00,2023/4/9 11:00,392.1
2023/4/9 11:00,2023/4/9 12:00,338.3
2023/4/9 12:00,2023/4/9 13:00,295.8
2023/4/9 13:00,2023/4/9 14:00,234.4
2023/4/9 14:00,2023/4/9 15:00,165.9
2023/4/9 15:00,2023/4/9 16:00,97.9
2023/4/9 16:00,2023/4/9 17:00,29.9
2023/4/9 17:00,2023/4/9 18:00,0
2023/4/9 18:00,2023/4/9 19:00,0
2023/4/9 19:00,2023/4/9 20:00,0
2023/4/9 20:00,2023/4/9 21:00,0
2023/4/9 21:00,2023/4/9 22:00,0
2023/4/9 22:00,2023/4/9 23:00,0
2023/4/9 23:00,2023/4/10 0:00,0
2023/4/10 0:00,2023/4/10 1:00,0
2023/4/10 1:00,2023/4/10 2:00,0
2023/4/10 2:00,2023/4/10 3:00,0
2023/4/10 3:00,2023/4/10 4:00,1.2
2023/4/10 4:00,2023/4/10 5:00,62.6
2023/4/10 5:00,2023/4/10 6:00,149
2023/4/10 6:00,2023/4/10 7:00,231.6
2023/4/10 7:00,2023/4/10 8:00,307
2023/4/10 8:00,2023/4/10 9:00,386.2
2023/4/10 9:00,2023/4/10 10:00,419.8
2023/4/10 10:00,2023/4/10 11:00,415.3
2023/4/10 11:00,2023/4/10 12:00,381.9
2023/4/10 12:00,2023/4/10 13:00,336.7
2023/4/10 13:00,2023/4/10 14:00,260.9
2023/4/10 14:00,2023/4/10 15:00,184.9
2023/4/10 15:00,2023/4/10 16:00,109.9
2023/4/10 16:00,2023/4/10 17:00,36.3
2023/4/10 17:00,2023/4/10 18:00,0
2023/4/10 18:00,2023/4/10 19:00,0
2023/4/10 19:00,2023/4/10 20:00,0
2023/4/10 20:00,2023/4/10 21:00,0
2023/4/10 21:00,2023/4/10 22:00,0
2023/4/10 22:00,2023/4/10 23:00,0
2023/4/10 23:00,2023/4/11 0:00,0
2023/4/11 0:00,2023/4/11 1:00,0
2023/4/11 1:00,2023/4/11 2:00,0
2023/4/11 2:00,2023/4/11 3:00,0
2023/4/11 3:00,2023/4/11 4:00,1
2023/4/11 4:00,2023/4/11 5:00,46.1
2023/4/11 5:00,2023/4/11 6:00,103.4
2023/4/11 6:00,2023/4/11 7:00,160.2
2023/4/11 7:00,2023/4/11 8:00,225.4
2023/4/11 8:00,2023/4/11 9:00,325.2
2023/4/11 9:00,2023/4/11 10:00,338.2
2023/4/11 10:00,2023/4/11 11:00,348.1
2023/4/11 11:00,2023/4/11 12:00,284
2023/4/11 12:00,2023/4/11 13:00,255.4
2023/4/11 13:00,2023/4/11 14:00,210.4
2023/4/11 14:00,2023/4/11 15:00,152.6
2023/4/11 15:00,2023/4/11 16:00,91.4
2023/4/11 16:00,2023/4/11 17:00,34.6
2023/4/11 17:00,2023/4/11 18:00,0
2023/4/11 18:00,2023/4/11 19:00,0
2023/4/11 19:00,2023/4/11 20:00,0
2023/4/11 20:00,2023/4/11 21:00,0
2023/4/11 21:00,2023/4/11 22:00,0
2023/4/11 22:00,2023/4/11 23:00,0
2023/4/11 23:00,2023/4/12 0:00,0
2023/4/12 0:00,2023/4/12 1:00,0
2023/4/12 1:00,2023/4/12 2:00,0
2023/4/12 2:00,2023/4/12 3:00,0
2023/4/12 3:00,2023/4/12 4:00,1.6
2023/4/12 4:00,2023/4/12 5:00,49.3
2023/4/12 5:00,2023/4/12 6:00,113.7
2023/4/12 6:00,2023/4/12 7:00,177.7
2023/4/12 7:00,2023/4/12 8:00,266.6
2023/4/12 8:00,2023/4/12 9:00,362.5
2023/4/12 9:00,2023/4/12 10:00,394.1
2023/4/12 10:00,2023/4/12 11:00,404.8
2023/4/12 11:00,2023/4/12 12:00,368.9
2023/4/12 12:00,2023/4/12 13:00,326.1
2023/4/12 13:00,2023/4/12 14:00,255.6
2023/4/12 14:00,2023/4/12 15:00,174.7
2023/4/12 15:00,2023/4/12 16:00,106.4
2023/4/12 16:00,2023/4/12 17:00,43.7
2023/4/12 17:00,2023/4/12 18:00,0
2023/4/12 18:00,2023/4/12 19:00,0
2023/4/12 19:00,2023/4/12 20:00,0
2023/4/12 20:00,2023/4/12 21:00,0
2023/4/12 21:00,2023/4/12 22:00,0
2023/4/12 22:00,2023/4/12 23:00,0
2023/4/12 23:00,2023/4/13 0:00,0
2023/4/13 0:00,2023/4/13 1:00,0
2023/4/13 1:00,2023/4/13 2:00,0
2023/4/13 2:00,2023/4/13 3:00,0
2023/4/13 3:00,2023/4/13 4:00,3.6
2023/4/13 4:00,2023/4/13 5:00,55.3
2023/4/13 5:00,2023/4/13 6:00,111.2
2023/4/13 6:00,2023/4/13 7:00,164.5
2023/4/13 7:00,2023/4/13 8:00,210.7
2023/4/13 8:00,2023/4/13 9:00,309.4
2023/4/13 9:00,2023/4/13 10:00,319.4
2023/4/13 10:00,2023/4/13 11:00,322.7
2023/4/13 11:00,2023/4/13 12:00,240.3
2023/4/13 12:00,2023/4/13 13:00,245.7
2023/4/13 13:00,2023/4/13 14:00,199.5
2023/4/13 14:00,2023/4/13 15:00,146.3
2023/4/13 15:00,2023/4/13 16:00,94.8
2023/4/13 16:00,2023/4/13 17:00,39.8
2023/4/13 17:00,2023/4/13 18:00,0
2023/4/13 18:00,2023/4/13 19:00,0
2023/4/13 19:00,2023/4/13 20:00,0
2023/4/13 20:00,2023/4/13 21:00,0
2023/4/13 21:00,2023/4/13 22:00,0
2023/4/13 22:00,2023/4/13 23:00,0
2023/4/13 23:00,2023/4/14 0:00,0
2023/4/14 0:00,2023/4/14 1:00,0
2023/4/14 1:00,2023/4/14 2:00,0
2023/4/14 2:00,2023/4/14 3:00,0
2023/4/14 3:00,2023/4/14 4:00,6.1
2023/4/14 4:00,2023/4/14 5:00,74.4
2023/4/14 5:00,2023/4/14 6:00,161.3
2023/4/14 6:00,2023/4/14 7:00,238
2023/4/14 7:00,2023/4/14 8:00,309.1
2023/4/14 8:00,2023/4/14 9:00,380.9
2023/4/14 9:00,2023/4/14 10:00,436.2
2023/4/14 10:00,2023/4/14 11:00,449.1
2023/4/14 11:00,2023/4/14 12:00,413.4
2023/4/14 12:00,2023/4/14 13:00,374.2
2023/4/14 13:00,2023/4/14 14:00,310.9
2023/4/14 14:00,2023/4/14 15:00,228
2023/4/14 15:00,2023/4/14 16:00,143.9
2023/4/14 16:00,2023/4/14 17:00,60.3
2023/4/14 17:00,2023/4/14 18:00,0.3
2023/4/14 18:00,2023/4/14 19:00,0
2023/4/14 19:00,2023/4/14 20:00,0
2023/4/14 20:00,2023/4/14 21:00,0
2023/4/14 21:00,2023/4/14 22:00,0
2023/4/14 22:00,2023/4/14 23:00,0
2023/4/14 23:00,2023/4/15 0:00,0
2023/4/15 0:00,2023/4/15 1:00,0
2023/4/15 1:00,2023/4/15 2:00,0
2023/4/15 2:00,2023/4/15 3:00,0
2023/4/15 3:00,2023/4/15 4:00,8.3
2023/4/15 4:00,2023/4/15 5:00,80.3
2023/4/15 5:00,2023/4/15 6:00,164.4
2023/4/15 6:00,2023/4/15 7:00,242
2023/4/15 7:00,2023/4/15 8:00,319.6
2023/4/15 8:00,2023/4/15 9:00,393.6
2023/4/15 9:00,2023/4/15 10:00,416.8
2023/4/15 10:00,2023/4/15 11:00,422.8
2023/4/15 11:00,2023/4/15 12:00,411.4
2023/4/15 12:00,2023/4/15 13:00,373.8
2023/4/15 13:00,2023/4/15 14:00,311.5
2023/4/15 14:00,2023/4/15 15:00,228.7
2023/4/15 15:00,2023/4/15 16:00,145.3
2023/4/15 16:00,2023/4/15 17:00,64
2023/4/15 17:00,2023/4/15 18:00,0.3
2023/4/15 18:00,2023/4/15 19:00,0
2023/4/15 19:00,2023/4/15 20:00,0
2023/4/15 20:00,2023/4/15 21:00,0
2023/4/15 21:00,2023/4/15 22:00,0
2023/4/15 22:00,2023/4/15 23:00,0
2023/4/15 23:00,2023/4/16 0:00,0
2023/4/16 0:00,2023/4/16 1:00,0
2023/4/16 1:00,2023/4/16 2:00,0
2023/4/16 2:00,2023/4/16 3:00,0
2023/4/16 3:00,2023/4/16 4:00,9.1
2023/4/16 4:00,2023/4/16 5:00,92.5
2023/4/16 5:00,2023/4/16 6:00,185.6
2023/4/16 6:00,2023/4/16 7:00,270.1
2023/4/16 7:00,2023/4/16 8:00,353.3
2023/4/16 8:00,2023/4/16 9:00,418.2
2023/4/16 9:00,2023/4/16 10:00,458.3
2023/4/16 10:00,2023/4/16 11:00,466.1
2023/4/16 11:00,2023/4/16 12:00,436.5
2023/4/16 12:00,2023/4/16 13:00,389.3
2023/4/16 13:00,2023/4/16 14:00,322
2023/4/16 14:00,2023/4/16 15:00,237.1
2023/4/16 15:00,2023/4/16 16:00,151.7
2023/4/16 16:00,2023/4/16 17:00,67.6
2023/4/16 17:00,2023/4/16 18:00,1.1
2023/4/16 18:00,2023/4/16 19:00,0
2023/4/16 19:00,2023/4/16 20:00,0
2023/4/16 20:00,2023/4/16 21:00,0
2023/4/16 21:00,2023/4/16 22:00,0
2023/4/16 22:00,2023/4/16 23:00,0
2023/4/16 23:00,2023/4/17 0:00,0
2023/4/17 0:00,2023/4/17 1:00,0
2023/4/17 1:00,2023/4/17 2:00,0
2023/4/17 2:00,2023/4/17 3:00,0
2023/4/17 3:00,2023/4/17 4:00,14.1
2023/4/17 4:00,2023/4/17 5:00,92.9
2023/4/17 5:00,2023/4/17 6:00,181.7
2023/4/17 6:00,2023/4/17 7:00,270.5
2023/4/17 7:00,2023/4/17 8:00,351.1
2023/4/17 8:00,2023/4/17 9:00,419.3
2023/4/17 9:00,2023/4/17 10:00,458
2023/4/17 10:00,2023/4/17 11:00,459
2023/4/17 11:00,2023/4/17 12:00,422.8
2023/4/17 12:00,2023/4/17 13:00,373.2
2023/4/17 13:00,2023/4/17 14:00,298.9
2023/4/17 14:00,2023/4/17 15:00,222
2023/4/17 15:00,2023/4/17 16:00,141.9
2023/4/17 16:00,2023/4/17 17:00,64.2
2023/4/17 17:00,2023/4/17 18:00,1.2
2023/4/17 18:00,2023/4/17 19:00,0
2023/4/17 19:00,2023/4/17 20:00,0
2023/4/17 20:00,2023/4/17 21:00,0
2023/4/17 21:00,2023/4/17 22:00,0
2023/4/17 22:00,2023/4/17 23:00,0
2023/4/17 23:00,2023/4/18 0:00,0
2023/4/18 0:00,2023/4/18 1:00,0
2023/4/18 1:00,2023/4/18 2:00,0
2023/4/18 2:00,2023/4/18 3:00,0
2023/4/18 3:00,2023/4/18 4:00,11.2
2023/4/18 4:00,2023/4/18 5:00,75.5
2023/4/18 5:00,2023/4/18 6:00,147.9
2023/4/18 6:00,2023/4/18 7:00,226.4
2023/4/18 7:00,2023/4/18 8:00,308.8
2023/4/18 8:00,2023/4/18 9:00,390
2023/4/18 9:00,2023/4/18 10:00,423.2
2023/4/18 10:00,2023/4/18 11:00,425.3
2023/4/18 11:00,2023/4/18 12:00,423.3
2023/4/18 12:00,2023/4/18 13:00,382.1
2023/4/18 13:00,2023/4/18 14:00,322.3
2023/4/18 14:00,2023/4/18 15:00,241.1
2023/4/18 15:00,2023/4/18 16:00,156.4
2023/4/18 16:00,2023/4/18 17:00,73.6
2023/4/18 17:00,2023/4/18 18:00,3.5
2023/4/18 18:00,2023/4/18 19:00,0
2023/4/18 19:00,2023/4/18 20:00,0
2023/4/18 20:00,2023/4/18 21:00,0
2023/4/18 21:00,2023/4/18 22:00,0
2023/4/18 22:00,2023/4/18 23:00,0
2023/4/18 23:00,2023/4/19 0:00,0
2023/4/19 0:00,2023/4/19 1:00,0
2023/4/19 1:00,2023/4/19 2:00,0
2023/4/19 2:00,2023/4/19 3:00,0
2023/4/19 3:00,2023/4/19 4:00,19.1
2023/4/19 4:00,2023/4/19 5:00,101.8
2023/4/19 5:00,2023/4/19 6:00,189
2023/4/19 6:00,2023/4/19 7:00,273.5
2023/4/19 7:00,2023/4/19 8:00,348.8
2023/4/19 8:00,2023/4/19 9:00,410.8
2023/4/19 9:00,2023/4/19 10:00,439.4
2023/4/19 10:00,2023/4/19 11:00,445.5
2023/4/19 11:00,2023/4/19 12:00,396.9
2023/4/19 12:00,2023/4/19 13:00,349.9
2023/4/19 13:00,2023/4/19 14:00,276
2023/4/19 14:00,2023/4/19 15:00,206.9
2023/4/19 15:00,2023/4/19 16:00,135.9
2023/4/19 16:00,2023/4/19 17:00,67.5
2023/4/19 17:00,2023/4/19 18:00,3.7
2023/4/19 18:00,2023/4/19 19:00,0
2023/4/19 19:00,2023/4/19 20:00,0
2023/4/19 20:00,2023/4/19 21:00,0
2023/4/19 21:00,2023/4/19 22:00,0
2023/4/19 22:00,2023/4/19 23:00,0
2023/4/19 23:00,2023/4/20 0:00,0
2023/4/20 0:00,2023/4/20 1:00,0
2023/4/20 1:00,2023/4/20 2:00,0
2023/4/20 2:00,2023/4/20 3:00,0
2023/4/20 3:00,2023/4/20 4:00,16.7
2023/4/20 4:00,2023/4/20 5:00,86.8
2023/4/20 5:00,2023/4/20 6:00,166.1
2023/4/20 6:00,2023/4/20 7:00,249.3
2023/4/20 7:00,2023/4/20 8:00,319.9
2023/4/20 8:00,2023/4/20 9:00,365.1
2023/4/20 9:00,2023/4/20 10:00,388.2
2023/4/20 10:00,2023/4/20 11:00,397
2023/4/20 11:00,2023/4/20 12:00,376.4
2023/4/20 12:00,2023/4/20 13:00,343.5
2023/4/20 13:00,2023/4/20 14:00,285.3
2023/4/20 14:00,2023/4/20 15:00,221.9
2023/4/20 15:00,2023/4/20 16:00,142.3
2023/4/20 16:00,2023/4/20 17:00,72.2
2023/4/20 17:00,2023/4/20 18:00,4.4
2023/4/20 18:00,2023/4/20 19:00,0
2023/4/20 19:00,2023/4/20 20:00,0
2023/4/20 20:00,2023/4/20 21:00,0
2023/4/20 21:00,2023/4/20 22:00,0
2023/4/20 22:00,2023/4/20 23:00,0
2023/4/20 23:00,2023/4/21 0:00,0
2023/4/21 0:00,2023/4/21 1:00,0
2023/4/21 1:00,2023/4/21 2:00,0
2023/4/21 2:00,2023/4/21 3:00,0
2023/4/21 3:00,2023/4/21 4:00,23.7
2023/4/21 4:00,2023/4/21 5:00,96
2023/4/21 5:00,2023/4/21 6:00,179.6
2023/4/21 6:00,2023/4/21 7:00,265.6
2023/4/21 7:00,2023/4/21 8:00,334.3
2023/4/21 8:00,2023/4/21 9:00,424.8
2023/4/21 9:00,2023/4/21 10:00,458.8
2023/4/21 10:00,2023/4/21 11:00,467.8
2023/4/21 11:00,2023/4/21 12:00,420.1
2023/4/21 12:00,2023/4/21 13:00,369.4
2023/4/21 13:00,2023/4/21 14:00,316.3
2023/4/21 14:00,2023/4/21 15:00,237.6
2023/4/21 15:00,2023/4/21 16:00,158.9
2023/4/21 16:00,2023/4/21 17:00,80.4
2023/4/21 17:00,2023/4/21 18:00,5.1
2023/4/21 18:00,2023/4/21 19:00,0
2023/4/21 19:00,2023/4/21 20:00,0
2023/4/21 20:00,2023/4/21 21:00,0
2023/4/21 21:00,2023/4/21 22:00,0
2023/4/21 22:00,2023/4/21 23:00,0
2023/4/21 23:00,2023/4/22 0:00,0
2023/4/22 0:00,2023/4/22 1:00,0
2023/4/22 1:00,2023/4/22 2:00,0
2023/4/22 2:00,2023/4/22 3:00,0
2023/4/22 3:00,2023/4/22 4:00,28.5
2023/4/22 4:00,2023/4/22 5:00,105.2
2023/4/22 5:00,2023/4/22 6:00,191.9
2023/4/22 6:00,2023/4/22 7:00,281
2023/4/22 7:00,2023/4/22 8:00,350.3
2023/4/22 8:00,2023/4/22 9:00,419.9
2023/4/22 9:00,2023/4/22 10:00,459.3
2023/4/22 10:00,2023/4/22 11:00,469.1
2023/4/22 11:00,2023/4/22 12:00,431.7
2023/4/22 12:00,2023/4/22 13:00,380.5
2023/4/22 13:00,2023/4/22 14:00,320.1
2023/4/22 14:00,2023/4/22 15:00,248.4
2023/4/22 15:00,2023/4/22 16:00,163.9
2023/4/22 16:00,2023/4/22 17:00,86.7
2023/4/22 17:00,2023/4/22 18:00,7.9
2023/4/22 18:00,2023/4/22 19:00,0
2023/4/22 19:00,2023/4/22 20:00,0
2023/4/22 20:00,2023/4/22 21:00,0
2023/4/22 21:00,2023/4/22 22:00,0
2023/4/22 22:00,2023/4/22 23:00,0
2023/4/22 23:00,2023/4/23 0:00,0
2023/4/23 0:00,2023/4/23 1:00,0
2023/4/23 1:00,2023/4/23 2:00,0
2023/4/23 2:00,2023/4/23 3:00,0
2023/4/23 3:00,2023/4/23 4:00,22.7
2023/4/23 4:00,2023/4/23 5:00,88.8
2023/4/23 5:00,2023/4/23 6:00,153.5
2023/4/23 6:00,2023/4/23 7:00,230.6
2023/4/23 7:00,2023/4/23 8:00,281.2
2023/4/23 8:00,2023/4/23 9:00,349.5
2023/4/23 9:00,2023/4/23 10:00,353
2023/4/23 10:00,2023/4/23 11:00,351.3
2023/4/23 11:00,2023/4/23 12:00,291.3
2023/4/23 12:00,2023/4/23 13:00,275.3
2023/4/23 13:00,2023/4/23 14:00,220.8
2023/4/23 14:00,2023/4/23 15:00,161
2023/4/23 15:00,2023/4/23 16:00,103.7
2023/4/23 16:00,2023/4/23 17:00,52
2023/4/23 17:00,2023/4/23 18:00,1
2023/4/23 18:00,2023/4/23 19:00,0
2023/4/23 19:00,2023/4/23 20:00,0
2023/4/23 20:00,2023/4/23 21:00,0
2023/4/23 21:00,2023/4/23 22:00,0
2023/4/23 22:00,2023/4/23 23:00,0
2023/4/23 23:00,2023/4/24 0:00,0
2023/4/24 0:00,2023/4/24 1:00,0
2023/4/24 1:00,2023/4/24 2:00,0
2023/4/24 2:00,2023/4/24 3:00,0
2023/4/24 3:00,2023/4/24 4:00,8.8
2023/4/24 4:00,2023/4/24 5:00,40.7
2023/4/24 5:00,2023/4/24 6:00,78.3
2023/4/24 6:00,2023/4/24 7:00,118.3
2023/4/24 7:00,2023/4/24 8:00,220.1
2023/4/24 8:00,2023/4/24 9:00,302.1
2023/4/24 9:00,2023/4/24 10:00,349.7
2023/4/24 10:00,2023/4/24 11:00,365.9
2023/4/24 11:00,2023/4/24 12:00,346.6
2023/4/24 12:00,2023/4/24 13:00,336.5
2023/4/24 13:00,2023/4/24 14:00,280.8
2023/4/24 14:00,2023/4/24 15:00,199.6
2023/4/24 15:00,2023/4/24 16:00,128.4
2023/4/24 16:00,2023/4/24 17:00,66.8
2023/4/24 17:00,2023/4/24 18:00,6
2023/4/24 18:00,2023/4/24 19:00,0
2023/4/24 19:00,2023/4/24 20:00,0
2023/4/24 20:00,2023/4/24 21:00,0
2023/4/24 21:00,2023/4/24 22:00,0
2023/4/24 22:00,2023/4/24 23:00,0
2023/4/24 23:00,2023/4/25 0:00,0
2023/4/25 0:00,2023/4/25 1:00,0
2023/4/25 1:00,2023/4/25 2:00,0
2023/4/25 2:00,2023/4/25 3:00,0
2023/4/25 3:00,2023/4/25 4:00,19.9
2023/4/25 4:00,2023/4/25 5:00,61.5
2023/4/25 5:00,2023/4/25 6:00,105.8
2023/4/25 6:00,2023/4/25 7:00,156.7
2023/4/25 7:00,2023/4/25 8:00,225.9
2023/4/25 8:00,2023/4/25 9:00,351.1
2023/4/25 9:00,2023/4/25 10:00,352.1
2023/4/25 10:00,2023/4/25 11:00,375.3
2023/4/25 11:00,2023/4/25 12:00,330.5
2023/4/25 12:00,2023/4/25 13:00,305.7
2023/4/25 13:00,2023/4/25 14:00,261.4
2023/4/25 14:00,2023/4/25 15:00,200.2
2023/4/25 15:00,2023/4/25 16:00,132.7
2023/4/25 16:00,2023/4/25 17:00,76.2
2023/4/25 17:00,2023/4/25 18:00,4.8
2023/4/25 18:00,2023/4/25 19:00,0
2023/4/25 19:00,2023/4/25 20:00,0
2023/4/25 20:00,2023/4/25 21:00,0
2023/4/25 21:00,2023/4/25 22:00,0
2023/4/25 22:00,2023/4/25 23:00,0
2023/4/25 23:00,2023/4/26 0:00,0
2023/4/26 0:00,2023/4/26 1:00,0
2023/4/26 1:00,2023/4/26 2:00,0
2023/4/26 2:00,2023/4/26 3:00,0
2023/4/26 3:00,2023/4/26 4:00,27.9
2023/4/26 4:00,2023/4/26 5:00,87.2
2023/4/26 5:00,2023/4/26 6:00,143.8
2023/4/26 6:00,2023/4/26 7:00,209.4
2023/4/26 7:00,2023/4/26 8:00,256.5
2023/4/26 8:00,2023/4/26 9:00,296.7
2023/4/26 9:00,2023/4/26 10:00,328.7
2023/4/26 10:00,2023/4/26 11:00,338
2023/4/26 11:00,2023/4/26 12:00,311.9
2023/4/26 12:00,2023/4/26 13:00,255
2023/4/26 13:00,2023/4/26 14:00,220.2
2023/4/26 14:00,2023/4/26 15:00,160.3
2023/4/26 15:00,2023/4/26 16:00,101.3
2023/4/26 16:00,2023/4/26 17:00,46.8
2023/4/26 17:00,2023/4/26 18:00,3
2023/4/26 18:00,2023/4/26 19:00,0
2023/4/26 19:00,2023/4/26 20:00,0
2023/4/26 20:00,2023/4/26 21:00,0
2023/4/26 21:00,2023/4/26 22:00,0
2023/4/26 22:00,2023/4/26 23:00,0
2023/4/26 23:00,2023/4/27 0:00,0
2023/4/27 0:00,2023/4/27 1:00,0
2023/4/27 1:00,2023/4/27 2:00,0
2023/4/27 2:00,2023/4/27 3:00,0.1
2023/4/27 3:00,2023/4/27 4:00,21.7
2023/4/27 4:00,2023/4/27 5:00,65.5
2023/4/27 5:00,2023/4/27 6:00,109.8
2023/4/27 6:00,2023/4/27 7:00,153.3
2023/4/27 7:00,2023/4/27 8:00,191.1
2023/4/27 8:00,2023/4/27 9:00,290.4
2023/4/27 9:00,2023/4/27 10:00,300.5
2023/4/27 10:00,2023/4/27 11:00,316.6
2023/4/27 11:00,2023/4/27 12:00,221.5
2023/4/27 12:00,2023/4/27 13:00,213.3
2023/4/27 13:00,2023/4/27 14:00,184
2023/4/27 14:00,2023/4/27 15:00,154.2
2023/4/27 15:00,2023/4/27 16:00,108.8
2023/4/27 16:00,2023/4/27 17:00,62.6
2023/4/27 17:00,2023/4/27 18:00,12.9
2023/4/27 18:00,2023/4/27 19:00,0
2023/4/27 19:00,2023/4/27 20:00,0
2023/4/27 20:00,2023/4/27 21:00,0
2023/4/27 21:00,2023/4/27 22:00,0
2023/4/27 22:00,2023/4/27 23:00,0
2023/4/27 23:00,2023/4/28 0:00,0
2023/4/28 0:00,2023/4/28 1:00,0
2023/4/28 1:00,2023/4/28 2:00,0
2023/4/28 2:00,2023/4/28 3:00,0.2
2023/4/28 3:00,2023/4/28 4:00,36.3
2023/4/28 4:00,2023/4/28 5:00,102.6
2023/4/28 5:00,2023/4/28 6:00,175.1
2023/4/28 6:00,2023/4/28 7:00,255.6
2023/4/28 7:00,2023/4/28 8:00,312.7
2023/4/28 8:00,2023/4/28 9:00,376.2
2023/4/28 9:00,2023/4/28 10:00,403.2
2023/4/28 10:00,2023/4/28 11:00,417.2
2023/4/28 11:00,2023/4/28 12:00,369.6
2023/4/28 12:00,2023/4/28 13:00,314.1
2023/4/28 13:00,2023/4/28 14:00,268.1
2023/4/28 14:00,2023/4/28 15:00,220.3
2023/4/28 15:00,2023/4/28 16:00,147.1
2023/4/28 16:00,2023/4/28 17:00,82
2023/4/28 17:00,2023/4/28 18:00,17.3
2023/4/28 18:00,2023/4/28 19:00,0
2023/4/28 19:00,2023/4/28 20:00,0
2023/4/28 20:00,2023/4/28 21:00,0
2023/4/28 21:00,2023/4/28 22:00,0
2023/4/28 22:00,2023/4/28 23:00,0
2023/4/28 23:00,2023/4/29 0:00,0
2023/4/29 0:00,2023/4/29 1:00,0
2023/4/29 1:00,2023/4/29 2:00,0
2023/4/29 2:00,2023/4/29 3:00,0.4
2023/4/29 3:00,2023/4/29 4:00,36.1
2023/4/29 4:00,2023/4/29 5:00,104.8
2023/4/29 5:00,2023/4/29 6:00,174.3
2023/4/29 6:00,2023/4/29 7:00,257.5
2023/4/29 7:00,2023/4/29 8:00,326.8
2023/4/29 8:00,2023/4/29 9:00,395.7
2023/4/29 9:00,2023/4/29 10:00,401.9
2023/4/29 10:00,2023/4/29 11:00,384.4
2023/4/29 11:00,2023/4/29 12:00,350.8
2023/4/29 12:00,2023/4/29 13:00,294.1
2023/4/29 13:00,2023/4/29 14:00,247.6
2023/4/29 14:00,2023/4/29 15:00,165.8
2023/4/29 15:00,2023/4/29 16:00,103.8
2023/4/29 16:00,2023/4/29 17:00,53.5
2023/4/29 17:00,2023/4/29 18:00,7.9
2023/4/29 18:00,2023/4/29 19:00,0
2023/4/29 19:00,2023/4/29 20:00,0
2023/4/29 20:00,2023/4/29 21:00,0
2023/4/29 21:00,2023/4/29 22:00,0
2023/4/29 22:00,2023/4/29 23:00,0
2023/4/29 23:00,2023/4/30 0:00,0
2023/4/30 0:00,2023/4/30 1:00,0
2023/4/30 1:00,2023/4/30 2:00,0
2023/4/30 2:00,2023/4/30 3:00,0.1
2023/4/30 3:00,2023/4/30 4:00,22.7
2023/4/30 4:00,2023/4/30 5:00,62.6
2023/4/30 5:00,2023/4/30 6:00,97.7
2023/4/30 6:00,2023/4/30 7:00,128
2023/4/30 7:00,2023/4/30 8:00,196.8
2023/4/30 8:00,2023/4/30 9:00,277.9
2023/4/30 9:00,2023/4/30 10:00,293.5
2023/4/30 10:00,2023/4/30 11:00,299.4
2023/4/30 11:00,2023/4/30 12:00,284
2023/4/30 12:00,2023/4/30 13:00,278.6
2023/4/30 13:00,2023/4/30 14:00,246.8
2023/4/30 14:00,2023/4/30 15:00,206.8
2023/4/30 15:00,2023/4/30 16:00,143.7
2023/4/30 16:00,2023/4/30 17:00,85
2023/4/30 17:00,2023/4/30 18:00,22.9
2023/4/30 18:00,2023/4/30 19:00,0
2023/4/30 19:00,2023/4/30 20:00,0
2023/4/30 20:00,2023/4/30 21:00,0
2023/4/30 21:00,2023/4/30 22:00,0
2023/4/30 22:00,2023/4/30 23:00,0
2023/4/30 23:00,2023/5/1 0:00,0
